,intolerance_1,intolerance_2,Run,Avg pct similar neighbors (A) dim 1,Avg pct similar neighbors (A) dim 2,Avg pct similar neighbors (B) dim 1,Avg pct similar neighbors (B) dim 2,Intolerance_1,Intolerance_2,Num Agents,Num Agents (A) dim 1,Num Agents (A) dim 2,Num Agents (B) dim 1,Num Agents (B) dim 2,Pct Happy,Pct Happy Group A dim 1,Pct Happy Group A dim 2,Pct Happy Group B dim 1,Pct Happy Group B dim 2,Pct group B dim 1,Pct group B dim 2,height,width,num_agents,minority_pc_1,minority_pc_2,stopping_level
0,0.125,0.125,0,100.0,58.2,43.1,39.1,0.125,0.125,200,120,120,80,80,100.0,100.0,100.0,100.0,100.0,0.4,0.4,16,16,200,0.4,0.4,1
1,0.125,0.125,1,100.0,60.2,40.5,41.7,0.125,0.125,200,120,120,80,80,100.0,100.0,100.0,100.0,100.0,0.4,0.4,16,16,200,0.4,0.4,1
2,0.125,0.125,2,100.0,58.1,44.7,39.2,0.125,0.125,200,120,120,80,80,100.0,100.0,100.0,100.0,100.0,0.4,0.4,16,16,200,0.4,0.4,1
3,0.125,0.125,3,100.0,58.1,43.2,41.8,0.125,0.125,200,120,120,80,80,100.0,100.0,100.0,100.0,100.0,0.4,0.4,16,16,200,0.4,0.4,1
4,0.125,0.125,4,100.0,59.2,38.5,38.6,0.125,0.125,200,120,120,80,80,100.0,100.0,100.0,100.0,100.0,0.4,0.4,16,16,200,0.4,0.4,1
5,0.125,0.125,5,100.0,59.1,44.4,41.8,0.125,0.125,200,120,120,80,80,100.0,100.0,100.0,100.0,100.0,0.4,0.4,16,16,200,0.4,0.4,1
6,0.125,0.125,6,100.0,63.0,40.5,44.8,0.125,0.125,200,120,120,80,80,100.0,100.0,100.0,100.0,100.0,0.4,0.4,16,16,200,0.4,0.4,1
7,0.125,0.125,7,100.0,62.9,40.4,45.7,0.125,0.125,200,120,120,80,80,100.0,100.0,100.0,100.0,100.0,0.4,0.4,16,16,200,0.4,0.4,1
8,0.125,0.125,8,100.0,62.6,42.8,47.4,0.125,0.125,200,120,120,80,80,100.0,100.0,100.0,100.0,100.0,0.4,0.4,16,16,200,0.4,0.4,1
9,0.125,0.125,9,100.0,61.0,42.3,42.1,0.125,0.125,200,120,120,80,80,100.0,100.0,100.0,100.0,100.0,0.4,0.4,16,16,200,0.4,0.4,1
10,0.125,0.25,10,100.0,68.5,45.4,56.1,0.125,0.25,200,120,120,80,80,100.0,100.0,100.0,100.0,100.0,0.4,0.4,16,16,200,0.4,0.4,1
11,0.125,0.25,11,100.0,63.8,46.5,49.2,0.125,0.25,200,120,120,80,80,100.0,100.0,100.0,100.0,100.0,0.4,0.4,16,16,200,0.4,0.4,1
12,0.125,0.25,12,100.0,68.8,41.6,54.0,0.125,0.25,200,120,120,80,80,100.0,100.0,100.0,100.0,100.0,0.4,0.4,16,16,200,0.4,0.4,1
13,0.125,0.25,13,100.0,65.9,41.7,52.7,0.125,0.25,200,120,120,80,80,100.0,100.0,100.0,100.0,100.0,0.4,0.4,16,16,200,0.4,0.4,1
14,0.125,0.25,14,100.0,66.0,42.1,51.2,0.125,0.25,200,120,120,80,80,100.0,100.0,100.0,100.0,100.0,0.4,0.4,16,16,200,0.4,0.4,1
15,0.125,0.25,15,100.0,66.9,47.0,52.7,0.125,0.25,200,120,120,80,80,100.0,100.0,100.0,100.0,100.0,0.4,0.4,16,16,200,0.4,0.4,1
16,0.125,0.25,16,100.0,69.3,44.1,54.8,0.125,0.25,200,120,120,80,80,100.0,100.0,100.0,100.0,100.0,0.4,0.4,16,16,200,0.4,0.4,1
17,0.125,0.25,17,100.0,68.1,40.9,55.2,0.125,0.25,200,120,120,80,80,100.0,100.0,100.0,100.0,100.0,0.4,0.4,16,16,200,0.4,0.4,1
18,0.125,0.25,18,100.0,66.8,42.1,55.6,0.125,0.25,200,120,120,80,80,100.0,100.0,100.0,100.0,100.0,0.4,0.4,16,16,200,0.4,0.4,1
19,0.125,0.25,19,100.0,64.3,43.8,48.7,0.125,0.25,200,120,120,80,80,100.0,100.0,100.0,100.0,100.0,0.4,0.4,16,16,200,0.4,0.4,1
20,0.125,0.375,20,100.0,76.3,45.5,67.3,0.125,0.375,200,120,120,80,80,100.0,100.0,100.0,100.0,100.0,0.4,0.4,16,16,200,0.4,0.4,1
21,0.125,0.375,21,100.0,84.8,44.3,77.8,0.125,0.375,200,120,120,80,80,100.0,100.0,100.0,100.0,100.0,0.4,0.4,16,16,200,0.4,0.4,1
22,0.125,0.375,22,100.0,79.7,40.9,72.4,0.125,0.375,200,120,120,80,80,100.0,100.0,100.0,100.0,100.0,0.4,0.4,16,16,200,0.4,0.4,1
23,0.125,0.375,23,100.0,86.8,41.7,82.6,0.125,0.375,200,120,120,80,80,100.0,100.0,100.0,100.0,100.0,0.4,0.4,16,16,200,0.4,0.4,1
24,0.125,0.375,24,100.0,86.2,43.2,81.6,0.125,0.375,200,120,120,80,80,100.0,100.0,100.0,100.0,100.0,0.4,0.4,16,16,200,0.4,0.4,1
25,0.125,0.375,25,100.0,82.3,47.5,74.2,0.125,0.375,200,120,120,80,80,100.0,100.0,100.0,100.0,100.0,0.4,0.4,16,16,200,0.4,0.4,1
26,0.125,0.375,26,100.0,78.7,48.6,72.3,0.125,0.375,200,120,120,80,80,100.0,100.0,100.0,100.0,100.0,0.4,0.4,16,16,200,0.4,0.4,1
27,0.125,0.375,27,100.0,83.9,43.9,79.0,0.125,0.375,200,120,120,80,80,100.0,100.0,100.0,100.0,100.0,0.4,0.4,16,16,200,0.4,0.4,1
28,0.125,0.375,28,100.0,83.7,47.2,78.1,0.125,0.375,200,120,120,80,80,100.0,100.0,100.0,100.0,100.0,0.4,0.4,16,16,200,0.4,0.4,1
29,0.125,0.375,29,100.0,83.2,46.9,76.0,0.125,0.375,200,120,120,80,80,100.0,100.0,100.0,100.0,100.0,0.4,0.4,16,16,200,0.4,0.4,1
30,0.125,0.5,30,100.0,92.0,45.6,88.1,0.125,0.5,200,120,120,80,80,99.0,100.0,100.0,97.5,97.5,0.4,0.4,16,16,200,0.4,0.4,1
31,0.125,0.5,31,100.0,93.9,43.3,90.2,0.125,0.5,200,120,120,80,80,99.0,98.3,100.0,100.0,97.5,0.4,0.4,16,16,200,0.4,0.4,1
32,0.125,0.5,32,100.0,93.4,43.7,90.1,0.125,0.5,200,120,120,80,80,97.0,98.3,100.0,95.0,92.5,0.4,0.4,16,16,200,0.4,0.4,1
33,0.125,0.5,33,100.0,92.0,46.7,88.0,0.125,0.5,200,120,120,80,80,97.5,99.2,100.0,95.0,93.8,0.4,0.4,16,16,200,0.4,0.4,1
34,0.125,0.5,34,100.0,96.4,43.3,94.3,0.125,0.5,200,120,120,80,80,100.0,100.0,100.0,100.0,100.0,0.4,0.4,16,16,200,0.4,0.4,1
35,0.125,0.5,35,100.0,90.5,44.4,84.8,0.125,0.5,200,120,120,80,80,98.0,98.3,99.2,97.5,96.2,0.4,0.4,16,16,200,0.4,0.4,1
36,0.125,0.5,36,100.0,91.2,46.1,87.2,0.125,0.5,200,120,120,80,80,96.5,96.7,98.3,96.2,93.8,0.4,0.4,16,16,200,0.4,0.4,1
37,0.125,0.5,37,100.0,94.9,44.7,93.0,0.125,0.5,200,120,120,80,80,99.5,100.0,100.0,98.8,98.8,0.4,0.4,16,16,200,0.4,0.4,1
38,0.125,0.5,38,100.0,94.6,47.5,92.2,0.125,0.5,200,120,120,80,80,100.0,100.0,100.0,100.0,100.0,0.4,0.4,16,16,200,0.4,0.4,1
39,0.125,0.5,39,100.0,94.6,44.1,91.1,0.125,0.5,200,120,120,80,80,99.0,100.0,100.0,97.5,97.5,0.4,0.4,16,16,200,0.4,0.4,1
40,0.125,0.625,40,100.0,84.1,40.9,73.1,0.125,0.625,200,120,120,80,80,58.5,58.3,68.3,58.8,43.8,0.4,0.4,16,16,200,0.4,0.4,1
41,0.125,0.625,41,100.0,87.9,39.8,77.5,0.125,0.625,200,120,120,80,80,75.0,71.7,80.8,80.0,66.2,0.4,0.4,16,16,200,0.4,0.4,1
42,0.125,0.625,42,100.0,87.8,46.5,81.7,0.125,0.625,200,120,120,80,80,68.5,70.0,76.7,66.2,56.2,0.4,0.4,16,16,200,0.4,0.4,1
43,0.125,0.625,43,100.0,89.1,46.5,82.0,0.125,0.625,200,120,120,80,80,72.5,73.3,82.5,71.2,57.5,0.4,0.4,16,16,200,0.4,0.4,1
44,0.125,0.625,44,100.0,88.2,41.2,83.7,0.125,0.625,200,120,120,80,80,75.5,75.0,75.8,76.2,75.0,0.4,0.4,16,16,200,0.4,0.4,1
45,0.125,0.625,45,100.0,89.5,43.0,84.6,0.125,0.625,200,120,120,80,80,70.0,71.7,75.8,67.5,61.2,0.4,0.4,16,16,200,0.4,0.4,1
46,0.125,0.625,46,100.0,86.6,39.3,79.1,0.125,0.625,200,120,120,80,80,70.0,72.5,78.3,66.2,57.5,0.4,0.4,16,16,200,0.4,0.4,1
47,0.125,0.625,47,100.0,87.3,48.8,77.4,0.125,0.625,200,120,120,80,80,71.5,80.0,80.0,58.8,58.8,0.4,0.4,16,16,200,0.4,0.4,1
48,0.125,0.625,48,100.0,90.4,42.6,83.6,0.125,0.625,200,120,120,80,80,73.0,75.0,78.3,70.0,65.0,0.4,0.4,16,16,200,0.4,0.4,1
49,0.125,0.625,49,100.0,84.2,41.6,73.1,0.125,0.625,200,120,120,80,80,59.0,63.3,65.8,52.5,48.8,0.4,0.4,16,16,200,0.4,0.4,1
50,0.125,0.75,50,100.0,65.3,44.4,44.3,0.125,0.75,200,120,120,80,80,9.5,10.8,15.0,7.5,1.2,0.4,0.4,16,16,200,0.4,0.4,1
51,0.125,0.75,51,100.0,63.0,42.8,45.0,0.125,0.75,200,120,120,80,80,14.5,18.3,24.2,8.8,0.0,0.4,0.4,16,16,200,0.4,0.4,1
52,0.125,0.75,52,100.0,63.3,37.9,44.3,0.125,0.75,200,120,120,80,80,16.0,16.7,25.8,15.0,1.2,0.4,0.4,16,16,200,0.4,0.4,1
53,0.125,0.75,53,100.0,65.7,39.1,48.3,0.125,0.75,200,120,120,80,80,15.0,11.7,23.3,20.0,2.5,0.4,0.4,16,16,200,0.4,0.4,1
54,0.125,0.75,54,100.0,67.3,39.6,45.3,0.125,0.75,200,120,120,80,80,10.0,14.2,15.8,3.8,1.2,0.4,0.4,16,16,200,0.4,0.4,1
55,0.125,0.75,55,100.0,61.9,39.2,46.5,0.125,0.75,200,120,120,80,80,13.0,11.7,20.0,15.0,2.5,0.4,0.4,16,16,200,0.4,0.4,1
56,0.125,0.75,56,100.0,67.0,40.4,44.9,0.125,0.75,200,120,120,80,80,20.0,16.7,29.2,25.0,6.2,0.4,0.4,16,16,200,0.4,0.4,1
57,0.125,0.75,57,100.0,63.2,41.2,40.6,0.125,0.75,200,120,120,80,80,13.5,15.8,22.5,10.0,0.0,0.4,0.4,16,16,200,0.4,0.4,1
58,0.125,0.75,58,100.0,64.6,39.6,46.1,0.125,0.75,200,120,120,80,80,13.5,15.0,22.5,11.2,0.0,0.4,0.4,16,16,200,0.4,0.4,1
59,0.125,0.75,59,100.0,65.3,38.6,43.4,0.125,0.75,200,120,120,80,80,18.0,17.5,27.5,18.8,3.8,0.4,0.4,16,16,200,0.4,0.4,1
60,0.125,0.875,60,100.0,62.4,38.5,40.5,0.125,0.875,200,120,120,80,80,4.0,4.2,5.8,3.8,1.2,0.4,0.4,16,16,200,0.4,0.4,1
61,0.125,0.875,61,100.0,60.1,38.8,39.6,0.125,0.875,200,120,120,80,80,2.0,2.5,3.3,1.2,0.0,0.4,0.4,16,16,200,0.4,0.4,1
62,0.125,0.875,62,100.0,61.7,39.9,43.7,0.125,0.875,200,120,120,80,80,4.5,5.0,7.5,3.8,0.0,0.4,0.4,16,16,200,0.4,0.4,1
63,0.125,0.875,63,100.0,59.6,38.4,38.4,0.125,0.875,200,120,120,80,80,2.5,3.3,4.2,1.2,0.0,0.4,0.4,16,16,200,0.4,0.4,1
64,0.125,0.875,64,100.0,58.3,38.2,36.9,0.125,0.875,200,120,120,80,80,3.0,4.2,5.0,1.2,0.0,0.4,0.4,16,16,200,0.4,0.4,1
65,0.125,0.875,65,100.0,56.9,37.8,38.0,0.125,0.875,200,120,120,80,80,1.5,2.5,2.5,0.0,0.0,0.4,0.4,16,16,200,0.4,0.4,1
66,0.125,0.875,66,100.0,61.0,38.7,40.1,0.125,0.875,200,120,120,80,80,4.0,5.0,6.7,2.5,0.0,0.4,0.4,16,16,200,0.4,0.4,1
67,0.125,0.875,67,100.0,61.3,43.0,45.6,0.125,0.875,200,120,120,80,80,3.5,4.2,5.0,2.5,1.2,0.4,0.4,16,16,200,0.4,0.4,1
68,0.125,0.875,68,100.0,59.5,41.8,38.2,0.125,0.875,200,120,120,80,80,3.0,5.0,5.0,0.0,0.0,0.4,0.4,16,16,200,0.4,0.4,1
69,0.125,0.875,69,100.0,59.4,40.5,38.1,0.125,0.875,200,120,120,80,80,2.0,2.5,2.5,1.2,1.2,0.4,0.4,16,16,200,0.4,0.4,1
70,0.25,0.125,70,100.0,63.1,53.4,45.2,0.25,0.125,200,120,120,80,80,100.0,100.0,100.0,100.0,100.0,0.4,0.4,16,16,200,0.4,0.4,1
71,0.25,0.125,71,100.0,60.5,51.7,42.7,0.25,0.125,200,120,120,80,80,100.0,100.0,100.0,100.0,100.0,0.4,0.4,16,16,200,0.4,0.4,1
72,0.25,0.125,72,100.0,59.7,51.8,40.3,0.25,0.125,200,120,120,80,80,100.0,100.0,100.0,100.0,100.0,0.4,0.4,16,16,200,0.4,0.4,1
73,0.25,0.125,73,100.0,62.4,53.1,43.7,0.25,0.125,200,120,120,80,80,100.0,100.0,100.0,100.0,100.0,0.4,0.4,16,16,200,0.4,0.4,1
74,0.25,0.125,74,100.0,58.2,56.8,40.8,0.25,0.125,200,120,120,80,80,100.0,100.0,100.0,100.0,100.0,0.4,0.4,16,16,200,0.4,0.4,1
75,0.25,0.125,75,100.0,61.4,53.7,44.3,0.25,0.125,200,120,120,80,80,100.0,100.0,100.0,100.0,100.0,0.4,0.4,16,16,200,0.4,0.4,1
76,0.25,0.125,76,100.0,61.9,54.3,43.4,0.25,0.125,200,120,120,80,80,100.0,100.0,100.0,100.0,100.0,0.4,0.4,16,16,200,0.4,0.4,1
77,0.25,0.125,77,100.0,57.9,53.6,37.0,0.25,0.125,200,120,120,80,80,100.0,100.0,100.0,100.0,100.0,0.4,0.4,16,16,200,0.4,0.4,1
78,0.25,0.125,78,100.0,61.5,52.7,46.1,0.25,0.125,200,120,120,80,80,100.0,100.0,100.0,100.0,100.0,0.4,0.4,16,16,200,0.4,0.4,1
79,0.25,0.125,79,100.0,58.4,48.5,42.4,0.25,0.125,200,120,120,80,80,100.0,100.0,100.0,100.0,100.0,0.4,0.4,16,16,200,0.4,0.4,1
80,0.25,0.25,80,100.0,68.5,55.1,55.0,0.25,0.25,200,120,120,80,80,100.0,100.0,100.0,100.0,100.0,0.4,0.4,16,16,200,0.4,0.4,1
81,0.25,0.25,81,100.0,68.7,55.2,52.7,0.25,0.25,200,120,120,80,80,100.0,100.0,100.0,100.0,100.0,0.4,0.4,16,16,200,0.4,0.4,1
82,0.25,0.25,82,100.0,71.4,47.9,60.5,0.25,0.25,200,120,120,80,80,100.0,100.0,100.0,100.0,100.0,0.4,0.4,16,16,200,0.4,0.4,1
83,0.25,0.25,83,100.0,70.5,52.1,57.8,0.25,0.25,200,120,120,80,80,100.0,100.0,100.0,100.0,100.0,0.4,0.4,16,16,200,0.4,0.4,1
84,0.25,0.25,84,100.0,64.0,56.0,52.9,0.25,0.25,200,120,120,80,80,100.0,100.0,100.0,100.0,100.0,0.4,0.4,16,16,200,0.4,0.4,1
85,0.25,0.25,85,100.0,68.2,57.5,59.1,0.25,0.25,200,120,120,80,80,99.0,100.0,100.0,97.5,97.5,0.4,0.4,16,16,200,0.4,0.4,1
86,0.25,0.25,86,100.0,73.9,64.0,63.8,0.25,0.25,200,120,120,80,80,99.5,100.0,100.0,98.8,98.8,0.4,0.4,16,16,200,0.4,0.4,1
87,0.25,0.25,87,100.0,67.1,55.1,50.8,0.25,0.25,200,120,120,80,80,100.0,100.0,100.0,100.0,100.0,0.4,0.4,16,16,200,0.4,0.4,1
88,0.25,0.25,88,100.0,70.5,55.2,60.8,0.25,0.25,200,120,120,80,80,100.0,100.0,100.0,100.0,100.0,0.4,0.4,16,16,200,0.4,0.4,1
89,0.25,0.25,89,100.0,68.8,57.3,56.7,0.25,0.25,200,120,120,80,80,100.0,100.0,100.0,100.0,100.0,0.4,0.4,16,16,200,0.4,0.4,1
90,0.25,0.375,90,100.0,86.8,55.2,81.3,0.25,0.375,200,120,120,80,80,100.0,100.0,100.0,100.0,100.0,0.4,0.4,16,16,200,0.4,0.4,1
91,0.25,0.375,91,100.0,82.5,57.5,75.8,0.25,0.375,200,120,120,80,80,100.0,100.0,100.0,100.0,100.0,0.4,0.4,16,16,200,0.4,0.4,1
92,0.25,0.375,92,100.0,80.0,59.6,71.0,0.25,0.375,200,120,120,80,80,100.0,100.0,100.0,100.0,100.0,0.4,0.4,16,16,200,0.4,0.4,1
93,0.25,0.375,93,100.0,81.7,68.0,74.3,0.25,0.375,200,120,120,80,80,99.5,99.2,100.0,100.0,98.8,0.4,0.4,16,16,200,0.4,0.4,1
94,0.25,0.375,94,100.0,86.0,53.0,78.8,0.25,0.375,200,120,120,80,80,100.0,100.0,100.0,100.0,100.0,0.4,0.4,16,16,200,0.4,0.4,1
95,0.25,0.375,95,100.0,86.9,60.1,81.5,0.25,0.375,200,120,120,80,80,100.0,100.0,100.0,100.0,100.0,0.4,0.4,16,16,200,0.4,0.4,1
96,0.25,0.375,96,100.0,82.6,56.2,76.4,0.25,0.375,200,120,120,80,80,100.0,100.0,100.0,100.0,100.0,0.4,0.4,16,16,200,0.4,0.4,1
97,0.25,0.375,97,100.0,83.0,56.2,75.5,0.25,0.375,200,120,120,80,80,100.0,100.0,100.0,100.0,100.0,0.4,0.4,16,16,200,0.4,0.4,1
98,0.25,0.375,98,100.0,81.2,56.5,76.5,0.25,0.375,200,120,120,80,80,100.0,100.0,100.0,100.0,100.0,0.4,0.4,16,16,200,0.4,0.4,1
99,0.25,0.375,99,100.0,83.0,60.1,75.3,0.25,0.375,200,120,120,80,80,100.0,100.0,100.0,100.0,100.0,0.4,0.4,16,16,200,0.4,0.4,1
100,0.25,0.5,100,100.0,93.4,60.9,90.2,0.25,0.5,200,120,120,80,80,99.5,99.2,100.0,100.0,98.8,0.4,0.4,16,16,200,0.4,0.4,1
101,0.25,0.5,101,100.0,95.3,58.5,92.6,0.25,0.5,200,120,120,80,80,98.5,100.0,97.5,96.2,100.0,0.4,0.4,16,16,200,0.4,0.4,1
102,0.25,0.5,102,100.0,90.2,56.5,86.3,0.25,0.5,200,120,120,80,80,97.0,96.7,100.0,97.5,92.5,0.4,0.4,16,16,200,0.4,0.4,1
103,0.25,0.5,103,100.0,91.7,60.7,87.9,0.25,0.5,200,120,120,80,80,92.0,94.2,95.0,88.8,87.5,0.4,0.4,16,16,200,0.4,0.4,1
104,0.25,0.5,104,100.0,93.5,58.4,88.3,0.25,0.5,200,120,120,80,80,94.5,94.2,100.0,95.0,86.2,0.4,0.4,16,16,200,0.4,0.4,1
105,0.25,0.5,105,100.0,94.4,52.5,92.6,0.25,0.5,200,120,120,80,80,97.5,99.2,97.5,95.0,97.5,0.4,0.4,16,16,200,0.4,0.4,1
106,0.25,0.5,106,100.0,94.6,61.7,91.2,0.25,0.5,200,120,120,80,80,99.0,100.0,98.3,97.5,100.0,0.4,0.4,16,16,200,0.4,0.4,1
107,0.25,0.5,107,100.0,93.3,54.5,90.1,0.25,0.5,200,120,120,80,80,97.0,97.5,96.7,96.2,97.5,0.4,0.4,16,16,200,0.4,0.4,1
108,0.25,0.5,108,100.0,92.8,63.5,88.5,0.25,0.5,200,120,120,80,80,97.5,99.2,98.3,95.0,96.2,0.4,0.4,16,16,200,0.4,0.4,1
109,0.25,0.5,109,100.0,89.2,55.5,84.8,0.25,0.5,200,120,120,80,80,94.5,94.2,100.0,95.0,86.2,0.4,0.4,16,16,200,0.4,0.4,1
110,0.25,0.625,110,100.0,79.8,45.8,70.9,0.25,0.625,200,120,120,80,80,59.5,70.0,65.8,43.8,50.0,0.4,0.4,16,16,200,0.4,0.4,1
111,0.25,0.625,111,100.0,82.2,49.5,71.4,0.25,0.625,200,120,120,80,80,62.0,65.8,67.5,56.2,53.8,0.4,0.4,16,16,200,0.4,0.4,1
112,0.25,0.625,112,100.0,82.8,48.6,73.6,0.25,0.625,200,120,120,80,80,63.5,65.0,68.3,61.2,56.2,0.4,0.4,16,16,200,0.4,0.4,1
113,0.25,0.625,113,100.0,84.1,52.7,74.4,0.25,0.625,200,120,120,80,80,60.0,67.5,65.8,48.8,51.2,0.4,0.4,16,16,200,0.4,0.4,1
114,0.25,0.625,114,100.0,88.8,55.5,78.9,0.25,0.625,200,120,120,80,80,69.0,70.8,76.7,66.2,57.5,0.4,0.4,16,16,200,0.4,0.4,1
115,0.25,0.625,115,100.0,82.1,48.7,71.3,0.25,0.625,200,120,120,80,80,63.0,71.7,70.8,50.0,51.2,0.4,0.4,16,16,200,0.4,0.4,1
116,0.25,0.625,116,100.0,86.5,52.2,77.8,0.25,0.625,200,120,120,80,80,69.5,72.5,74.2,65.0,62.5,0.4,0.4,16,16,200,0.4,0.4,1
117,0.25,0.625,117,100.0,82.2,46.2,73.2,0.25,0.625,200,120,120,80,80,60.0,60.8,65.8,58.8,51.2,0.4,0.4,16,16,200,0.4,0.4,1
118,0.25,0.625,118,100.0,85.8,49.2,77.5,0.25,0.625,200,120,120,80,80,62.5,62.5,66.7,62.5,56.2,0.4,0.4,16,16,200,0.4,0.4,1
119,0.25,0.625,119,100.0,84.1,58.6,73.8,0.25,0.625,200,120,120,80,80,61.5,71.7,70.0,46.2,48.8,0.4,0.4,16,16,200,0.4,0.4,1
120,0.25,0.75,120,100.0,64.2,42.2,49.2,0.25,0.75,200,120,120,80,80,15.5,13.3,20.8,18.8,7.5,0.4,0.4,16,16,200,0.4,0.4,1
121,0.25,0.75,121,100.0,66.7,39.5,47.0,0.25,0.75,200,120,120,80,80,15.5,15.8,24.2,15.0,2.5,0.4,0.4,16,16,200,0.4,0.4,1
122,0.25,0.75,122,100.0,64.3,40.6,42.8,0.25,0.75,200,120,120,80,80,12.0,11.7,17.5,12.5,3.8,0.4,0.4,16,16,200,0.4,0.4,1
123,0.25,0.75,123,100.0,64.4,42.2,46.9,0.25,0.75,200,120,120,80,80,10.5,12.5,17.5,7.5,0.0,0.4,0.4,16,16,200,0.4,0.4,1
124,0.25,0.75,124,100.0,63.4,40.1,42.7,0.25,0.75,200,120,120,80,80,14.0,14.2,21.7,13.8,2.5,0.4,0.4,16,16,200,0.4,0.4,1
125,0.25,0.75,125,100.0,65.8,42.2,47.9,0.25,0.75,200,120,120,80,80,14.0,15.8,22.5,11.2,1.2,0.4,0.4,16,16,200,0.4,0.4,1
126,0.25,0.75,126,100.0,64.6,41.7,42.3,0.25,0.75,200,120,120,80,80,10.5,13.3,15.0,6.2,3.8,0.4,0.4,16,16,200,0.4,0.4,1
127,0.25,0.75,127,100.0,63.8,40.8,44.3,0.25,0.75,200,120,120,80,80,14.5,14.2,18.3,15.0,8.8,0.4,0.4,16,16,200,0.4,0.4,1
128,0.25,0.75,128,100.0,61.4,36.8,40.6,0.25,0.75,200,120,120,80,80,7.0,10.0,11.7,2.5,0.0,0.4,0.4,16,16,200,0.4,0.4,1
129,0.25,0.75,129,100.0,63.5,39.8,47.9,0.25,0.75,200,120,120,80,80,10.5,12.5,15.8,7.5,2.5,0.4,0.4,16,16,200,0.4,0.4,1
130,0.25,0.875,130,100.0,59.6,38.8,38.9,0.25,0.875,200,120,120,80,80,1.0,0.8,1.7,1.2,0.0,0.4,0.4,16,16,200,0.4,0.4,1
131,0.25,0.875,131,100.0,59.1,39.7,40.9,0.25,0.875,200,120,120,80,80,3.5,3.3,5.8,3.8,0.0,0.4,0.4,16,16,200,0.4,0.4,1
132,0.25,0.875,132,100.0,59.4,39.8,39.1,0.25,0.875,200,120,120,80,80,2.0,3.3,3.3,0.0,0.0,0.4,0.4,16,16,200,0.4,0.4,1
133,0.25,0.875,133,100.0,59.6,38.7,40.2,0.25,0.875,200,120,120,80,80,1.0,1.7,1.7,0.0,0.0,0.4,0.4,16,16,200,0.4,0.4,1
134,0.25,0.875,134,100.0,61.0,36.7,41.5,0.25,0.875,200,120,120,80,80,2.5,1.7,2.5,3.8,2.5,0.4,0.4,16,16,200,0.4,0.4,1
135,0.25,0.875,135,100.0,58.0,40.4,38.3,0.25,0.875,200,120,120,80,80,2.0,0.8,3.3,3.8,0.0,0.4,0.4,16,16,200,0.4,0.4,1
136,0.25,0.875,136,100.0,62.8,40.4,41.1,0.25,0.875,200,120,120,80,80,1.0,1.7,1.7,0.0,0.0,0.4,0.4,16,16,200,0.4,0.4,1
137,0.25,0.875,137,100.0,59.9,40.8,39.8,0.25,0.875,200,120,120,80,80,4.0,5.0,6.7,2.5,0.0,0.4,0.4,16,16,200,0.4,0.4,1
138,0.25,0.875,138,100.0,62.1,40.9,39.2,0.25,0.875,200,120,120,80,80,2.5,4.2,4.2,0.0,0.0,0.4,0.4,16,16,200,0.4,0.4,1
139,0.25,0.875,139,100.0,65.7,40.1,43.4,0.25,0.875,200,120,120,80,80,4.0,5.0,6.7,2.5,0.0,0.4,0.4,16,16,200,0.4,0.4,1
140,0.375,0.125,140,100.0,62.4,78.6,46.7,0.375,0.125,200,120,120,80,80,100.0,100.0,100.0,100.0,100.0,0.4,0.4,16,16,200,0.4,0.4,1
141,0.375,0.125,141,100.0,60.8,72.8,42.7,0.375,0.125,200,120,120,80,80,100.0,100.0,100.0,100.0,100.0,0.4,0.4,16,16,200,0.4,0.4,1
142,0.375,0.125,142,100.0,60.9,77.1,45.7,0.375,0.125,200,120,120,80,80,100.0,100.0,100.0,100.0,100.0,0.4,0.4,16,16,200,0.4,0.4,1
143,0.375,0.125,143,100.0,58.8,71.9,43.9,0.375,0.125,200,120,120,80,80,100.0,100.0,100.0,100.0,100.0,0.4,0.4,16,16,200,0.4,0.4,1
144,0.375,0.125,144,100.0,62.4,77.1,44.5,0.375,0.125,200,120,120,80,80,100.0,100.0,100.0,100.0,100.0,0.4,0.4,16,16,200,0.4,0.4,1
145,0.375,0.125,145,100.0,63.6,77.6,46.3,0.375,0.125,200,120,120,80,80,100.0,100.0,100.0,100.0,100.0,0.4,0.4,16,16,200,0.4,0.4,1
146,0.375,0.125,146,100.0,63.6,77.8,47.2,0.375,0.125,200,120,120,80,80,100.0,100.0,100.0,100.0,100.0,0.4,0.4,16,16,200,0.4,0.4,1
147,0.375,0.125,147,100.0,61.2,71.2,45.3,0.375,0.125,200,120,120,80,80,100.0,100.0,100.0,100.0,100.0,0.4,0.4,16,16,200,0.4,0.4,1
148,0.375,0.125,148,100.0,63.1,77.3,43.7,0.375,0.125,200,120,120,80,80,100.0,100.0,100.0,100.0,100.0,0.4,0.4,16,16,200,0.4,0.4,1
149,0.375,0.125,149,100.0,59.4,80.5,40.7,0.375,0.125,200,120,120,80,80,100.0,100.0,100.0,100.0,100.0,0.4,0.4,16,16,200,0.4,0.4,1
150,0.375,0.25,150,100.0,70.6,79.9,57.6,0.375,0.25,200,120,120,80,80,98.5,100.0,98.3,96.2,98.8,0.4,0.4,16,16,200,0.4,0.4,1
151,0.375,0.25,151,100.0,69.7,79.6,58.2,0.375,0.25,200,120,120,80,80,100.0,100.0,100.0,100.0,100.0,0.4,0.4,16,16,200,0.4,0.4,1
152,0.375,0.25,152,100.0,68.1,66.5,53.8,0.375,0.25,200,120,120,80,80,100.0,100.0,100.0,100.0,100.0,0.4,0.4,16,16,200,0.4,0.4,1
153,0.375,0.25,153,100.0,74.6,73.7,65.3,0.375,0.25,200,120,120,80,80,100.0,100.0,100.0,100.0,100.0,0.4,0.4,16,16,200,0.4,0.4,1
154,0.375,0.25,154,100.0,68.1,80.1,54.6,0.375,0.25,200,120,120,80,80,100.0,100.0,100.0,100.0,100.0,0.4,0.4,16,16,200,0.4,0.4,1
155,0.375,0.25,155,100.0,72.5,81.3,59.2,0.375,0.25,200,120,120,80,80,100.0,100.0,100.0,100.0,100.0,0.4,0.4,16,16,200,0.4,0.4,1
156,0.375,0.25,156,100.0,68.6,73.3,55.8,0.375,0.25,200,120,120,80,80,100.0,100.0,100.0,100.0,100.0,0.4,0.4,16,16,200,0.4,0.4,1
157,0.375,0.25,157,100.0,70.2,75.4,59.6,0.375,0.25,200,120,120,80,80,100.0,100.0,100.0,100.0,100.0,0.4,0.4,16,16,200,0.4,0.4,1
158,0.375,0.25,158,100.0,68.0,77.6,57.0,0.375,0.25,200,120,120,80,80,100.0,100.0,100.0,100.0,100.0,0.4,0.4,16,16,200,0.4,0.4,1
159,0.375,0.25,159,100.0,71.6,74.1,59.6,0.375,0.25,200,120,120,80,80,98.5,100.0,98.3,96.2,98.8,0.4,0.4,16,16,200,0.4,0.4,1
160,0.375,0.375,160,100.0,80.7,80.3,72.7,0.375,0.375,200,120,120,80,80,100.0,100.0,100.0,100.0,100.0,0.4,0.4,16,16,200,0.4,0.4,1
161,0.375,0.375,161,100.0,86.6,79.0,81.7,0.375,0.375,200,120,120,80,80,99.5,100.0,100.0,98.8,98.8,0.4,0.4,16,16,200,0.4,0.4,1
162,0.375,0.375,162,100.0,82.2,78.1,75.6,0.375,0.375,200,120,120,80,80,99.5,100.0,100.0,98.8,98.8,0.4,0.4,16,16,200,0.4,0.4,1
163,0.375,0.375,163,100.0,86.6,76.8,81.1,0.375,0.375,200,120,120,80,80,100.0,100.0,100.0,100.0,100.0,0.4,0.4,16,16,200,0.4,0.4,1
164,0.375,0.375,164,100.0,84.0,78.7,79.0,0.375,0.375,200,120,120,80,80,99.0,100.0,100.0,97.5,97.5,0.4,0.4,16,16,200,0.4,0.4,1
165,0.375,0.375,165,100.0,86.6,82.6,80.7,0.375,0.375,200,120,120,80,80,99.5,100.0,100.0,98.8,98.8,0.4,0.4,16,16,200,0.4,0.4,1
166,0.375,0.375,166,100.0,82.6,75.1,74.9,0.375,0.375,200,120,120,80,80,99.5,100.0,99.2,98.8,100.0,0.4,0.4,16,16,200,0.4,0.4,1
167,0.375,0.375,167,100.0,85.7,81.5,79.8,0.375,0.375,200,120,120,80,80,100.0,100.0,100.0,100.0,100.0,0.4,0.4,16,16,200,0.4,0.4,1
168,0.375,0.375,168,100.0,89.3,82.7,85.5,0.375,0.375,200,120,120,80,80,99.5,100.0,100.0,98.8,98.8,0.4,0.4,16,16,200,0.4,0.4,1
169,0.375,0.375,169,100.0,84.9,80.1,75.8,0.375,0.375,200,120,120,80,80,99.0,100.0,98.3,97.5,100.0,0.4,0.4,16,16,200,0.4,0.4,1
170,0.375,0.5,170,100.0,91.4,78.3,87.9,0.375,0.5,200,120,120,80,80,86.0,87.5,87.5,83.8,83.8,0.4,0.4,16,16,200,0.4,0.4,1
171,0.375,0.5,171,100.0,91.9,76.4,88.1,0.375,0.5,200,120,120,80,80,94.0,99.2,97.5,86.2,88.8,0.4,0.4,16,16,200,0.4,0.4,1
172,0.375,0.5,172,100.0,89.0,76.4,81.7,0.375,0.5,200,120,120,80,80,90.5,94.2,96.7,85.0,81.2,0.4,0.4,16,16,200,0.4,0.4,1
173,0.375,0.5,173,100.0,93.0,77.4,89.8,0.375,0.5,200,120,120,80,80,94.5,97.5,97.5,90.0,90.0,0.4,0.4,16,16,200,0.4,0.4,1
174,0.375,0.5,174,100.0,92.8,73.6,88.5,0.375,0.5,200,120,120,80,80,93.5,95.8,95.0,90.0,91.2,0.4,0.4,16,16,200,0.4,0.4,1
175,0.375,0.5,175,100.0,90.7,74.2,84.2,0.375,0.5,200,120,120,80,80,90.5,95.8,94.2,82.5,85.0,0.4,0.4,16,16,200,0.4,0.4,1
176,0.375,0.5,176,100.0,92.9,80.0,90.2,0.375,0.5,200,120,120,80,80,94.0,99.2,93.3,86.2,95.0,0.4,0.4,16,16,200,0.4,0.4,1
177,0.375,0.5,177,100.0,92.8,72.7,88.8,0.375,0.5,200,120,120,80,80,94.0,95.8,95.8,91.2,91.2,0.4,0.4,16,16,200,0.4,0.4,1
178,0.375,0.5,178,100.0,92.5,78.6,88.3,0.375,0.5,200,120,120,80,80,94.5,97.5,100.0,90.0,86.2,0.4,0.4,16,16,200,0.4,0.4,1
179,0.375,0.5,179,100.0,88.8,73.6,82.5,0.375,0.5,200,120,120,80,80,84.0,90.0,87.5,75.0,78.8,0.4,0.4,16,16,200,0.4,0.4,1
180,0.375,0.625,180,100.0,78.3,57.4,67.8,0.375,0.625,200,120,120,80,80,51.5,66.7,56.7,28.8,43.8,0.4,0.4,16,16,200,0.4,0.4,1
181,0.375,0.625,181,100.0,72.6,51.9,59.5,0.375,0.625,200,120,120,80,80,39.0,44.2,53.3,31.2,17.5,0.4,0.4,16,16,200,0.4,0.4,1
182,0.375,0.625,182,100.0,74.3,49.7,59.8,0.375,0.625,200,120,120,80,80,41.5,60.0,49.2,13.8,30.0,0.4,0.4,16,16,200,0.4,0.4,1
183,0.375,0.625,183,100.0,75.9,52.0,59.6,0.375,0.625,200,120,120,80,80,43.0,56.7,53.3,22.5,27.5,0.4,0.4,16,16,200,0.4,0.4,1
184,0.375,0.625,184,100.0,76.2,46.9,60.5,0.375,0.625,200,120,120,80,80,44.5,58.3,54.2,23.8,30.0,0.4,0.4,16,16,200,0.4,0.4,1
185,0.375,0.625,185,100.0,75.7,51.7,54.9,0.375,0.625,200,120,120,80,80,49.0,55.0,59.2,40.0,33.8,0.4,0.4,16,16,200,0.4,0.4,1
186,0.375,0.625,186,100.0,77.3,51.4,60.0,0.375,0.625,200,120,120,80,80,46.5,45.0,55.0,48.8,33.8,0.4,0.4,16,16,200,0.4,0.4,1
187,0.375,0.625,187,100.0,75.2,49.8,59.3,0.375,0.625,200,120,120,80,80,39.0,50.8,50.0,21.2,22.5,0.4,0.4,16,16,200,0.4,0.4,1
188,0.375,0.625,188,100.0,71.9,52.3,59.6,0.375,0.625,200,120,120,80,80,44.0,53.3,54.2,30.0,28.8,0.4,0.4,16,16,200,0.4,0.4,1
189,0.375,0.625,189,100.0,84.3,52.7,72.4,0.375,0.625,200,120,120,80,80,58.0,68.3,63.3,42.5,50.0,0.4,0.4,16,16,200,0.4,0.4,1
190,0.375,0.75,190,100.0,64.0,39.1,43.9,0.375,0.75,200,120,120,80,80,9.5,7.5,15.0,12.5,1.2,0.4,0.4,16,16,200,0.4,0.4,1
191,0.375,0.75,191,100.0,59.5,40.2,42.4,0.375,0.75,200,120,120,80,80,6.5,9.2,10.0,2.5,1.2,0.4,0.4,16,16,200,0.4,0.4,1
192,0.375,0.75,192,100.0,61.0,39.6,43.2,0.375,0.75,200,120,120,80,80,8.0,10.0,13.3,5.0,0.0,0.4,0.4,16,16,200,0.4,0.4,1
193,0.375,0.75,193,100.0,64.2,41.3,42.9,0.375,0.75,200,120,120,80,80,12.0,15.8,19.2,6.2,1.2,0.4,0.4,16,16,200,0.4,0.4,1
194,0.375,0.75,194,100.0,62.5,41.3,43.6,0.375,0.75,200,120,120,80,80,7.0,9.2,10.8,3.8,1.2,0.4,0.4,16,16,200,0.4,0.4,1
195,0.375,0.75,195,100.0,64.4,39.3,41.4,0.375,0.75,200,120,120,80,80,7.0,7.5,11.7,6.2,0.0,0.4,0.4,16,16,200,0.4,0.4,1
196,0.375,0.75,196,100.0,63.5,38.0,40.6,0.375,0.75,200,120,120,80,80,5.0,5.8,7.5,3.8,1.2,0.4,0.4,16,16,200,0.4,0.4,1
197,0.375,0.75,197,100.0,64.0,39.2,46.2,0.375,0.75,200,120,120,80,80,6.0,7.5,7.5,3.8,3.8,0.4,0.4,16,16,200,0.4,0.4,1
198,0.375,0.75,198,100.0,63.4,46.5,44.0,0.375,0.75,200,120,120,80,80,13.5,18.3,20.8,6.2,2.5,0.4,0.4,16,16,200,0.4,0.4,1
199,0.375,0.75,199,100.0,62.1,41.4,42.5,0.375,0.75,200,120,120,80,80,10.0,10.8,14.2,8.8,3.8,0.4,0.4,16,16,200,0.4,0.4,1
200,0.375,0.875,200,100.0,60.2,41.7,40.4,0.375,0.875,200,120,120,80,80,2.0,3.3,3.3,0.0,0.0,0.4,0.4,16,16,200,0.4,0.4,1
201,0.375,0.875,201,100.0,57.1,40.3,40.6,0.375,0.875,200,120,120,80,80,1.0,0.8,1.7,1.2,0.0,0.4,0.4,16,16,200,0.4,0.4,1
202,0.375,0.875,202,100.0,61.1,38.0,40.1,0.375,0.875,200,120,120,80,80,0.5,0.8,0.8,0.0,0.0,0.4,0.4,16,16,200,0.4,0.4,1
203,0.375,0.875,203,100.0,62.2,38.5,42.8,0.375,0.875,200,120,120,80,80,2.5,0.8,4.2,5.0,0.0,0.4,0.4,16,16,200,0.4,0.4,1
204,0.375,0.875,204,100.0,58.0,41.8,38.4,0.375,0.875,200,120,120,80,80,1.0,1.7,1.7,0.0,0.0,0.4,0.4,16,16,200,0.4,0.4,1
205,0.375,0.875,205,100.0,60.5,41.0,42.1,0.375,0.875,200,120,120,80,80,1.0,0.8,1.7,1.2,0.0,0.4,0.4,16,16,200,0.4,0.4,1
206,0.375,0.875,206,100.0,60.4,42.1,38.8,0.375,0.875,200,120,120,80,80,1.0,1.7,1.7,0.0,0.0,0.4,0.4,16,16,200,0.4,0.4,1
207,0.375,0.875,207,100.0,62.7,42.0,40.7,0.375,0.875,200,120,120,80,80,0.5,0.8,0.8,0.0,0.0,0.4,0.4,16,16,200,0.4,0.4,1
208,0.375,0.875,208,100.0,60.8,39.6,40.3,0.375,0.875,200,120,120,80,80,0.0,0.0,0.0,0.0,0.0,0.4,0.4,16,16,200,0.4,0.4,1
209,0.375,0.875,209,100.0,60.5,42.9,41.9,0.375,0.875,200,120,120,80,80,0.5,0.0,0.8,1.2,0.0,0.4,0.4,16,16,200,0.4,0.4,1
210,0.5,0.125,210,100.0,61.2,88.3,41.6,0.5,0.125,200,120,120,80,80,100.0,100.0,100.0,100.0,100.0,0.4,0.4,16,16,200,0.4,0.4,1
211,0.5,0.125,211,100.0,61.9,86.1,43.7,0.5,0.125,200,120,120,80,80,98.5,100.0,98.3,96.2,98.8,0.4,0.4,16,16,200,0.4,0.4,1
212,0.5,0.125,212,100.0,64.9,89.1,48.5,0.5,0.125,200,120,120,80,80,99.0,100.0,98.3,97.5,100.0,0.4,0.4,16,16,200,0.4,0.4,1
213,0.5,0.125,213,100.0,60.7,91.1,41.2,0.5,0.125,200,120,120,80,80,99.0,100.0,100.0,97.5,97.5,0.4,0.4,16,16,200,0.4,0.4,1
214,0.5,0.125,214,100.0,63.7,89.8,46.1,0.5,0.125,200,120,120,80,80,99.5,99.2,99.2,100.0,100.0,0.4,0.4,16,16,200,0.4,0.4,1
215,0.5,0.125,215,100.0,62.7,89.6,46.9,0.5,0.125,200,120,120,80,80,100.0,100.0,100.0,100.0,100.0,0.4,0.4,16,16,200,0.4,0.4,1
216,0.5,0.125,216,100.0,62.0,94.8,45.0,0.5,0.125,200,120,120,80,80,99.0,100.0,100.0,97.5,97.5,0.4,0.4,16,16,200,0.4,0.4,1
217,0.5,0.125,217,100.0,63.6,93.7,45.6,0.5,0.125,200,120,120,80,80,99.5,100.0,100.0,98.8,98.8,0.4,0.4,16,16,200,0.4,0.4,1
218,0.5,0.125,218,100.0,62.9,88.3,44.3,0.5,0.125,200,120,120,80,80,99.0,99.2,99.2,98.8,98.8,0.4,0.4,16,16,200,0.4,0.4,1
219,0.5,0.125,219,100.0,61.9,86.4,42.3,0.5,0.125,200,120,120,80,80,97.0,100.0,97.5,92.5,96.2,0.4,0.4,16,16,200,0.4,0.4,1
220,0.5,0.25,220,100.0,72.9,89.7,59.4,0.5,0.25,200,120,120,80,80,93.5,97.5,95.0,87.5,91.2,0.4,0.4,16,16,200,0.4,0.4,1
221,0.5,0.25,221,100.0,69.8,92.4,53.9,0.5,0.25,200,120,120,80,80,97.0,99.2,97.5,93.8,96.2,0.4,0.4,16,16,200,0.4,0.4,1
222,0.5,0.25,222,100.0,76.6,89.7,66.1,0.5,0.25,200,120,120,80,80,94.5,100.0,95.0,86.2,93.8,0.4,0.4,16,16,200,0.4,0.4,1
223,0.5,0.25,223,100.0,74.6,93.6,62.3,0.5,0.25,200,120,120,80,80,98.5,100.0,99.2,96.2,97.5,0.4,0.4,16,16,200,0.4,0.4,1
224,0.5,0.25,224,100.0,74.5,88.2,62.8,0.5,0.25,200,120,120,80,80,93.5,97.5,92.5,87.5,95.0,0.4,0.4,16,16,200,0.4,0.4,1
225,0.5,0.25,225,100.0,72.7,86.9,59.0,0.5,0.25,200,120,120,80,80,93.5,98.3,93.3,86.2,93.8,0.4,0.4,16,16,200,0.4,0.4,1
226,0.5,0.25,226,100.0,77.1,92.3,66.6,0.5,0.25,200,120,120,80,80,98.5,100.0,99.2,96.2,97.5,0.4,0.4,16,16,200,0.4,0.4,1
227,0.5,0.25,227,100.0,76.0,91.9,61.2,0.5,0.25,200,120,120,80,80,94.5,98.3,95.0,88.8,93.8,0.4,0.4,16,16,200,0.4,0.4,1
228,0.5,0.25,228,100.0,72.8,90.7,58.5,0.5,0.25,200,120,120,80,80,98.0,99.2,100.0,96.2,95.0,0.4,0.4,16,16,200,0.4,0.4,1
229,0.5,0.25,229,100.0,72.6,92.0,57.0,0.5,0.25,200,120,120,80,80,100.0,100.0,100.0,100.0,100.0,0.4,0.4,16,16,200,0.4,0.4,1
230,0.5,0.375,230,100.0,82.7,79.3,70.2,0.5,0.375,200,120,120,80,80,84.0,92.5,93.3,71.2,70.0,0.4,0.4,16,16,200,0.4,0.4,1
231,0.5,0.375,231,100.0,82.4,82.2,74.0,0.5,0.375,200,120,120,80,80,90.5,94.2,91.7,85.0,88.8,0.4,0.4,16,16,200,0.4,0.4,1
232,0.5,0.375,232,100.0,84.3,92.9,74.0,0.5,0.375,200,120,120,80,80,94.5,95.8,98.3,92.5,88.8,0.4,0.4,16,16,200,0.4,0.4,1
233,0.5,0.375,233,100.0,86.4,86.6,77.0,0.5,0.375,200,120,120,80,80,89.5,89.2,92.5,90.0,85.0,0.4,0.4,16,16,200,0.4,0.4,1
234,0.5,0.375,234,100.0,83.6,90.3,75.3,0.5,0.375,200,120,120,80,80,91.5,97.5,89.2,82.5,95.0,0.4,0.4,16,16,200,0.4,0.4,1
235,0.5,0.375,235,100.0,81.2,85.0,73.0,0.5,0.375,200,120,120,80,80,90.5,92.5,92.5,87.5,87.5,0.4,0.4,16,16,200,0.4,0.4,1
236,0.5,0.375,236,100.0,84.3,91.0,75.0,0.5,0.375,200,120,120,80,80,94.5,95.0,97.5,93.8,90.0,0.4,0.4,16,16,200,0.4,0.4,1
237,0.5,0.375,237,100.0,83.1,89.7,76.5,0.5,0.375,200,120,120,80,80,95.5,98.3,95.0,91.2,96.2,0.4,0.4,16,16,200,0.4,0.4,1
238,0.5,0.375,238,100.0,86.1,89.1,81.1,0.5,0.375,200,120,120,80,80,91.5,99.2,89.2,80.0,95.0,0.4,0.4,16,16,200,0.4,0.4,1
239,0.5,0.375,239,100.0,85.2,82.1,77.5,0.5,0.375,200,120,120,80,80,94.5,99.2,92.5,87.5,97.5,0.4,0.4,16,16,200,0.4,0.4,1
240,0.5,0.5,240,100.0,88.0,84.1,81.5,0.5,0.5,200,120,120,80,80,85.5,85.8,94.2,85.0,72.5,0.4,0.4,16,16,200,0.4,0.4,1
241,0.5,0.5,241,100.0,89.3,85.5,82.5,0.5,0.5,200,120,120,80,80,86.0,88.3,94.2,82.5,73.8,0.4,0.4,16,16,200,0.4,0.4,1
242,0.5,0.5,242,100.0,92.7,80.5,88.3,0.5,0.5,200,120,120,80,80,89.0,95.0,90.8,80.0,86.2,0.4,0.4,16,16,200,0.4,0.4,1
243,0.5,0.5,243,100.0,92.4,84.2,87.2,0.5,0.5,200,120,120,80,80,86.0,90.8,91.7,78.8,77.5,0.4,0.4,16,16,200,0.4,0.4,1
244,0.5,0.5,244,100.0,89.6,83.5,82.6,0.5,0.5,200,120,120,80,80,89.0,94.2,93.3,81.2,82.5,0.4,0.4,16,16,200,0.4,0.4,1
245,0.5,0.5,245,100.0,89.4,80.8,81.4,0.5,0.5,200,120,120,80,80,79.5,85.0,91.7,71.2,61.2,0.4,0.4,16,16,200,0.4,0.4,1
246,0.5,0.5,246,100.0,90.0,84.4,81.8,0.5,0.5,200,120,120,80,80,82.5,83.3,90.8,81.2,70.0,0.4,0.4,16,16,200,0.4,0.4,1
247,0.5,0.5,247,100.0,90.7,83.9,83.0,0.5,0.5,200,120,120,80,80,85.0,87.5,89.2,81.2,78.8,0.4,0.4,16,16,200,0.4,0.4,1
248,0.5,0.5,248,100.0,90.6,82.6,86.1,0.5,0.5,200,120,120,80,80,83.5,86.7,88.3,78.8,76.2,0.4,0.4,16,16,200,0.4,0.4,1
249,0.5,0.5,249,100.0,92.2,82.6,86.3,0.5,0.5,200,120,120,80,80,85.5,92.5,90.8,75.0,77.5,0.4,0.4,16,16,200,0.4,0.4,1
250,0.5,0.625,250,100.0,68.0,47.1,51.2,0.5,0.625,200,120,120,80,80,30.0,40.8,39.2,13.8,16.2,0.4,0.4,16,16,200,0.4,0.4,1
251,0.5,0.625,251,100.0,69.7,46.7,50.3,0.5,0.625,200,120,120,80,80,32.0,42.5,44.2,16.2,13.8,0.4,0.4,16,16,200,0.4,0.4,1
252,0.5,0.625,252,100.0,68.2,47.4,50.0,0.5,0.625,200,120,120,80,80,28.5,42.5,40.8,7.5,10.0,0.4,0.4,16,16,200,0.4,0.4,1
253,0.5,0.625,253,100.0,71.8,52.5,49.9,0.5,0.625,200,120,120,80,80,28.0,44.2,42.5,3.8,6.2,0.4,0.4,16,16,200,0.4,0.4,1
254,0.5,0.625,254,100.0,69.2,52.4,47.9,0.5,0.625,200,120,120,80,80,30.0,41.7,40.8,12.5,13.8,0.4,0.4,16,16,200,0.4,0.4,1
255,0.5,0.625,255,100.0,74.0,51.8,55.5,0.5,0.625,200,120,120,80,80,27.0,36.7,42.5,12.5,3.8,0.4,0.4,16,16,200,0.4,0.4,1
256,0.5,0.625,256,100.0,68.4,51.7,47.4,0.5,0.625,200,120,120,80,80,26.5,38.3,39.2,8.8,7.5,0.4,0.4,16,16,200,0.4,0.4,1
257,0.5,0.625,257,100.0,68.5,52.3,54.5,0.5,0.625,200,120,120,80,80,33.0,38.3,43.3,25.0,17.5,0.4,0.4,16,16,200,0.4,0.4,1
258,0.5,0.625,258,100.0,70.4,49.4,52.0,0.5,0.625,200,120,120,80,80,28.5,42.5,42.5,7.5,7.5,0.4,0.4,16,16,200,0.4,0.4,1
259,0.5,0.625,259,100.0,70.2,54.0,54.9,0.5,0.625,200,120,120,80,80,32.0,46.7,44.2,10.0,13.8,0.4,0.4,16,16,200,0.4,0.4,1
260,0.5,0.75,260,100.0,61.1,41.8,42.0,0.5,0.75,200,120,120,80,80,10.5,9.2,14.2,12.5,5.0,0.4,0.4,16,16,200,0.4,0.4,1
261,0.5,0.75,261,100.0,62.3,42.0,44.3,0.5,0.75,200,120,120,80,80,6.5,10.0,10.0,1.2,1.2,0.4,0.4,16,16,200,0.4,0.4,1
262,0.5,0.75,262,100.0,61.9,42.5,45.2,0.5,0.75,200,120,120,80,80,10.0,14.2,15.8,3.8,1.2,0.4,0.4,16,16,200,0.4,0.4,1
263,0.5,0.75,263,100.0,61.7,41.8,39.9,0.5,0.75,200,120,120,80,80,3.5,5.8,5.8,0.0,0.0,0.4,0.4,16,16,200,0.4,0.4,1
264,0.5,0.75,264,100.0,64.9,40.6,43.7,0.5,0.75,200,120,120,80,80,7.5,10.8,12.5,2.5,0.0,0.4,0.4,16,16,200,0.4,0.4,1
265,0.5,0.75,265,100.0,60.8,45.8,42.6,0.5,0.75,200,120,120,80,80,5.0,5.8,8.3,3.8,0.0,0.4,0.4,16,16,200,0.4,0.4,1
266,0.5,0.75,266,100.0,64.7,36.7,40.9,0.5,0.75,200,120,120,80,80,6.5,10.8,10.0,0.0,1.2,0.4,0.4,16,16,200,0.4,0.4,1
267,0.5,0.75,267,100.0,62.0,41.2,39.6,0.5,0.75,200,120,120,80,80,11.5,17.5,15.0,2.5,6.2,0.4,0.4,16,16,200,0.4,0.4,1
268,0.5,0.75,268,100.0,61.2,40.9,37.1,0.5,0.75,200,120,120,80,80,3.5,5.8,5.8,0.0,0.0,0.4,0.4,16,16,200,0.4,0.4,1
269,0.5,0.75,269,100.0,60.9,41.2,46.3,0.5,0.75,200,120,120,80,80,5.5,7.5,8.3,2.5,1.2,0.4,0.4,16,16,200,0.4,0.4,1
270,0.5,0.875,270,100.0,59.4,40.6,39.0,0.5,0.875,200,120,120,80,80,0.5,0.8,0.8,0.0,0.0,0.4,0.4,16,16,200,0.4,0.4,1
271,0.5,0.875,271,100.0,58.2,37.5,41.6,0.5,0.875,200,120,120,80,80,2.5,4.2,4.2,0.0,0.0,0.4,0.4,16,16,200,0.4,0.4,1
272,0.5,0.875,272,100.0,59.7,37.6,40.6,0.5,0.875,200,120,120,80,80,1.5,2.5,2.5,0.0,0.0,0.4,0.4,16,16,200,0.4,0.4,1
273,0.5,0.875,273,100.0,60.1,42.1,39.9,0.5,0.875,200,120,120,80,80,1.0,1.7,1.7,0.0,0.0,0.4,0.4,16,16,200,0.4,0.4,1
274,0.5,0.875,274,100.0,58.8,43.9,37.1,0.5,0.875,200,120,120,80,80,1.0,1.7,1.7,0.0,0.0,0.4,0.4,16,16,200,0.4,0.4,1
275,0.5,0.875,275,100.0,60.5,44.3,36.6,0.5,0.875,200,120,120,80,80,0.0,0.0,0.0,0.0,0.0,0.4,0.4,16,16,200,0.4,0.4,1
276,0.5,0.875,276,100.0,62.8,36.8,41.2,0.5,0.875,200,120,120,80,80,0.0,0.0,0.0,0.0,0.0,0.4,0.4,16,16,200,0.4,0.4,1
277,0.5,0.875,277,100.0,59.5,40.8,39.4,0.5,0.875,200,120,120,80,80,0.5,0.8,0.8,0.0,0.0,0.4,0.4,16,16,200,0.4,0.4,1
278,0.5,0.875,278,100.0,63.1,39.4,38.7,0.5,0.875,200,120,120,80,80,1.5,0.8,2.5,2.5,0.0,0.4,0.4,16,16,200,0.4,0.4,1
279,0.5,0.875,279,100.0,58.6,40.1,40.8,0.5,0.875,200,120,120,80,80,1.0,1.7,1.7,0.0,0.0,0.4,0.4,16,16,200,0.4,0.4,1
280,0.625,0.125,280,100.0,67.8,75.8,49.3,0.625,0.125,200,120,120,80,80,69.5,75.0,71.7,61.2,66.2,0.4,0.4,16,16,200,0.4,0.4,1
281,0.625,0.125,281,100.0,60.8,79.6,42.3,0.625,0.125,200,120,120,80,80,70.5,75.8,69.2,62.5,72.5,0.4,0.4,16,16,200,0.4,0.4,1
282,0.625,0.125,282,100.0,62.7,79.0,39.6,0.625,0.125,200,120,120,80,80,72.0,77.5,74.2,63.8,68.8,0.4,0.4,16,16,200,0.4,0.4,1
283,0.625,0.125,283,100.0,60.9,79.0,39.3,0.625,0.125,200,120,120,80,80,71.0,80.8,75.8,56.2,63.8,0.4,0.4,16,16,200,0.4,0.4,1
284,0.625,0.125,284,100.0,60.5,85.1,39.2,0.625,0.125,200,120,120,80,80,68.5,73.3,70.0,61.2,66.2,0.4,0.4,16,16,200,0.4,0.4,1
285,0.625,0.125,285,100.0,61.4,82.1,39.8,0.625,0.125,200,120,120,80,80,74.0,77.5,75.8,68.8,71.2,0.4,0.4,16,16,200,0.4,0.4,1
286,0.625,0.125,286,100.0,61.2,79.8,41.7,0.625,0.125,200,120,120,80,80,71.0,75.8,70.8,63.8,71.2,0.4,0.4,16,16,200,0.4,0.4,1
287,0.625,0.125,287,100.0,60.0,78.3,38.7,0.625,0.125,200,120,120,80,80,70.0,79.2,69.2,56.2,71.2,0.4,0.4,16,16,200,0.4,0.4,1
288,0.625,0.125,288,100.0,59.8,84.6,38.3,0.625,0.125,200,120,120,80,80,75.5,80.0,75.0,68.8,76.2,0.4,0.4,16,16,200,0.4,0.4,1
289,0.625,0.125,289,100.0,59.7,82.4,42.1,0.625,0.125,200,120,120,80,80,70.5,75.8,70.8,62.5,70.0,0.4,0.4,16,16,200,0.4,0.4,1
290,0.625,0.25,290,100.0,66.1,71.6,45.0,0.625,0.25,200,120,120,80,80,59.0,65.8,65.8,48.8,48.8,0.4,0.4,16,16,200,0.4,0.4,1
291,0.625,0.25,291,100.0,69.4,76.1,53.9,0.625,0.25,200,120,120,80,80,58.5,68.3,62.5,43.8,52.5,0.4,0.4,16,16,200,0.4,0.4,1
292,0.625,0.25,292,100.0,66.1,74.1,47.5,0.625,0.25,200,120,120,80,80,61.5,71.7,64.2,46.2,57.5,0.4,0.4,16,16,200,0.4,0.4,1
293,0.625,0.25,293,100.0,69.1,74.8,50.7,0.625,0.25,200,120,120,80,80,67.0,78.3,72.5,50.0,58.8,0.4,0.4,16,16,200,0.4,0.4,1
294,0.625,0.25,294,100.0,69.0,69.0,50.8,0.625,0.25,200,120,120,80,80,54.0,63.3,61.7,40.0,42.5,0.4,0.4,16,16,200,0.4,0.4,1
295,0.625,0.25,295,100.0,66.6,66.9,49.2,0.625,0.25,200,120,120,80,80,48.5,60.8,53.3,30.0,41.2,0.4,0.4,16,16,200,0.4,0.4,1
296,0.625,0.25,296,100.0,68.2,67.5,53.7,0.625,0.25,200,120,120,80,80,58.5,66.7,59.2,46.2,57.5,0.4,0.4,16,16,200,0.4,0.4,1
297,0.625,0.25,297,100.0,69.4,72.7,47.6,0.625,0.25,200,120,120,80,80,62.0,66.7,72.5,55.0,46.2,0.4,0.4,16,16,200,0.4,0.4,1
298,0.625,0.25,298,100.0,66.1,63.2,47.8,0.625,0.25,200,120,120,80,80,46.5,59.2,49.2,27.5,42.5,0.4,0.4,16,16,200,0.4,0.4,1
299,0.625,0.25,299,100.0,68.3,81.5,50.4,0.625,0.25,200,120,120,80,80,67.0,75.8,71.7,53.8,60.0,0.4,0.4,16,16,200,0.4,0.4,1
300,0.625,0.375,300,100.0,69.7,59.9,51.3,0.625,0.375,200,120,120,80,80,43.5,57.5,50.0,22.5,33.8,0.4,0.4,16,16,200,0.4,0.4,1
301,0.625,0.375,301,100.0,71.0,64.4,54.2,0.625,0.375,200,120,120,80,80,43.0,57.5,54.2,21.2,26.2,0.4,0.4,16,16,200,0.4,0.4,1
302,0.625,0.375,302,100.0,70.8,54.6,53.8,0.625,0.375,200,120,120,80,80,36.5,46.7,46.7,21.2,21.2,0.4,0.4,16,16,200,0.4,0.4,1
303,0.625,0.375,303,100.0,70.6,60.6,50.1,0.625,0.375,200,120,120,80,80,47.0,61.7,51.7,25.0,40.0,0.4,0.4,16,16,200,0.4,0.4,1
304,0.625,0.375,304,100.0,70.3,64.4,54.6,0.625,0.375,200,120,120,80,80,45.5,52.5,60.0,35.0,23.8,0.4,0.4,16,16,200,0.4,0.4,1
305,0.625,0.375,305,100.0,70.3,57.6,53.2,0.625,0.375,200,120,120,80,80,42.0,53.3,58.3,25.0,17.5,0.4,0.4,16,16,200,0.4,0.4,1
306,0.625,0.375,306,100.0,67.0,63.0,50.9,0.625,0.375,200,120,120,80,80,44.0,50.8,55.0,33.8,27.5,0.4,0.4,16,16,200,0.4,0.4,1
307,0.625,0.375,307,100.0,69.4,61.8,53.7,0.625,0.375,200,120,120,80,80,47.0,55.0,52.5,35.0,38.8,0.4,0.4,16,16,200,0.4,0.4,1
308,0.625,0.375,308,100.0,69.9,54.0,49.3,0.625,0.375,200,120,120,80,80,35.0,51.7,47.5,10.0,16.2,0.4,0.4,16,16,200,0.4,0.4,1
309,0.625,0.375,309,100.0,66.2,59.1,50.3,0.625,0.375,200,120,120,80,80,49.0,61.7,52.5,30.0,43.8,0.4,0.4,16,16,200,0.4,0.4,1
310,0.625,0.5,310,100.0,72.1,56.7,52.0,0.625,0.5,200,120,120,80,80,35.5,46.7,48.3,18.8,16.2,0.4,0.4,16,16,200,0.4,0.4,1
311,0.625,0.5,311,100.0,69.6,53.5,49.6,0.625,0.5,200,120,120,80,80,28.5,43.3,40.0,6.2,11.2,0.4,0.4,16,16,200,0.4,0.4,1
312,0.625,0.5,312,100.0,68.8,47.6,50.2,0.625,0.5,200,120,120,80,80,26.0,38.3,35.0,7.5,12.5,0.4,0.4,16,16,200,0.4,0.4,1
313,0.625,0.5,313,100.0,69.9,50.9,49.1,0.625,0.5,200,120,120,80,80,36.0,48.3,46.7,17.5,20.0,0.4,0.4,16,16,200,0.4,0.4,1
314,0.625,0.5,314,100.0,67.6,49.0,46.5,0.625,0.5,200,120,120,80,80,27.5,39.2,40.8,10.0,7.5,0.4,0.4,16,16,200,0.4,0.4,1
315,0.625,0.5,315,100.0,70.1,53.3,50.0,0.625,0.5,200,120,120,80,80,28.5,45.0,44.2,3.8,5.0,0.4,0.4,16,16,200,0.4,0.4,1
316,0.625,0.5,316,100.0,69.9,55.9,48.6,0.625,0.5,200,120,120,80,80,32.0,40.8,41.7,18.8,17.5,0.4,0.4,16,16,200,0.4,0.4,1
317,0.625,0.5,317,100.0,72.2,56.2,54.6,0.625,0.5,200,120,120,80,80,31.0,42.5,47.5,13.8,6.2,0.4,0.4,16,16,200,0.4,0.4,1
318,0.625,0.5,318,100.0,68.3,52.4,48.1,0.625,0.5,200,120,120,80,80,28.0,40.0,37.5,10.0,13.8,0.4,0.4,16,16,200,0.4,0.4,1
319,0.625,0.5,319,100.0,68.4,57.7,50.0,0.625,0.5,200,120,120,80,80,36.5,45.8,46.7,22.5,21.2,0.4,0.4,16,16,200,0.4,0.4,1
320,0.625,0.625,320,100.0,69.1,51.5,48.5,0.625,0.625,200,120,120,80,80,22.0,34.2,31.7,3.8,7.5,0.4,0.4,16,16,200,0.4,0.4,1
321,0.625,0.625,321,100.0,66.2,46.4,47.3,0.625,0.625,200,120,120,80,80,19.0,29.2,30.0,3.8,2.5,0.4,0.4,16,16,200,0.4,0.4,1
322,0.625,0.625,322,100.0,62.6,44.1,41.4,0.625,0.625,200,120,120,80,80,15.0,23.3,21.7,2.5,5.0,0.4,0.4,16,16,200,0.4,0.4,1
323,0.625,0.625,323,100.0,64.6,43.4,42.4,0.625,0.625,200,120,120,80,80,19.5,30.8,29.2,2.5,5.0,0.4,0.4,16,16,200,0.4,0.4,1
324,0.625,0.625,324,100.0,63.6,42.0,46.2,0.625,0.625,200,120,120,80,80,16.5,25.8,24.2,2.5,5.0,0.4,0.4,16,16,200,0.4,0.4,1
325,0.625,0.625,325,100.0,62.3,41.4,40.7,0.625,0.625,200,120,120,80,80,11.5,18.3,18.3,1.2,1.2,0.4,0.4,16,16,200,0.4,0.4,1
326,0.625,0.625,326,100.0,65.9,42.6,47.0,0.625,0.625,200,120,120,80,80,17.0,26.7,25.8,2.5,3.8,0.4,0.4,16,16,200,0.4,0.4,1
327,0.625,0.625,327,100.0,64.5,44.6,45.4,0.625,0.625,200,120,120,80,80,20.0,31.7,29.2,2.5,6.2,0.4,0.4,16,16,200,0.4,0.4,1
328,0.625,0.625,328,100.0,60.7,44.9,42.4,0.625,0.625,200,120,120,80,80,13.5,20.8,20.8,2.5,2.5,0.4,0.4,16,16,200,0.4,0.4,1
329,0.625,0.625,329,100.0,64.2,45.6,43.0,0.625,0.625,200,120,120,80,80,16.0,26.7,25.0,0.0,2.5,0.4,0.4,16,16,200,0.4,0.4,1
330,0.625,0.75,330,100.0,64.0,42.1,40.7,0.625,0.75,200,120,120,80,80,8.5,14.2,14.2,0.0,0.0,0.4,0.4,16,16,200,0.4,0.4,1
331,0.625,0.75,331,100.0,61.6,40.6,43.1,0.625,0.75,200,120,120,80,80,5.5,9.2,9.2,0.0,0.0,0.4,0.4,16,16,200,0.4,0.4,1
332,0.625,0.75,332,100.0,60.1,43.8,40.5,0.625,0.75,200,120,120,80,80,3.0,4.2,5.0,1.2,0.0,0.4,0.4,16,16,200,0.4,0.4,1
333,0.625,0.75,333,100.0,60.2,44.2,42.3,0.625,0.75,200,120,120,80,80,7.5,12.5,12.5,0.0,0.0,0.4,0.4,16,16,200,0.4,0.4,1
334,0.625,0.75,334,100.0,61.2,37.5,36.8,0.625,0.75,200,120,120,80,80,5.0,8.3,8.3,0.0,0.0,0.4,0.4,16,16,200,0.4,0.4,1
335,0.625,0.75,335,100.0,64.1,39.8,44.2,0.625,0.75,200,120,120,80,80,6.5,10.8,10.0,0.0,1.2,0.4,0.4,16,16,200,0.4,0.4,1
336,0.625,0.75,336,100.0,60.9,39.8,44.1,0.625,0.75,200,120,120,80,80,4.5,7.5,6.7,0.0,1.2,0.4,0.4,16,16,200,0.4,0.4,1
337,0.625,0.75,337,100.0,60.2,39.1,38.6,0.625,0.75,200,120,120,80,80,4.5,6.7,7.5,1.2,0.0,0.4,0.4,16,16,200,0.4,0.4,1
338,0.625,0.75,338,100.0,60.4,42.4,40.8,0.625,0.75,200,120,120,80,80,5.0,8.3,8.3,0.0,0.0,0.4,0.4,16,16,200,0.4,0.4,1
339,0.625,0.75,339,100.0,60.0,42.0,41.1,0.625,0.75,200,120,120,80,80,2.5,3.3,4.2,1.2,0.0,0.4,0.4,16,16,200,0.4,0.4,1
340,0.625,0.875,340,100.0,60.8,40.2,38.9,0.625,0.875,200,120,120,80,80,1.0,1.7,1.7,0.0,0.0,0.4,0.4,16,16,200,0.4,0.4,1
341,0.625,0.875,341,100.0,58.5,41.3,37.7,0.625,0.875,200,120,120,80,80,0.5,0.8,0.8,0.0,0.0,0.4,0.4,16,16,200,0.4,0.4,1
342,0.625,0.875,342,100.0,57.0,41.6,39.5,0.625,0.875,200,120,120,80,80,2.0,3.3,3.3,0.0,0.0,0.4,0.4,16,16,200,0.4,0.4,1
343,0.625,0.875,343,100.0,60.4,39.2,40.3,0.625,0.875,200,120,120,80,80,0.5,0.8,0.8,0.0,0.0,0.4,0.4,16,16,200,0.4,0.4,1
344,0.625,0.875,344,100.0,60.9,40.9,37.7,0.625,0.875,200,120,120,80,80,0.5,0.8,0.8,0.0,0.0,0.4,0.4,16,16,200,0.4,0.4,1
345,0.625,0.875,345,100.0,60.4,39.5,37.0,0.625,0.875,200,120,120,80,80,2.0,3.3,3.3,0.0,0.0,0.4,0.4,16,16,200,0.4,0.4,1
346,0.625,0.875,346,100.0,58.9,39.1,35.1,0.625,0.875,200,120,120,80,80,1.0,1.7,1.7,0.0,0.0,0.4,0.4,16,16,200,0.4,0.4,1
347,0.625,0.875,347,100.0,61.2,35.3,35.1,0.625,0.875,200,120,120,80,80,0.5,0.8,0.8,0.0,0.0,0.4,0.4,16,16,200,0.4,0.4,1
348,0.625,0.875,348,100.0,61.3,38.4,38.4,0.625,0.875,200,120,120,80,80,0.0,0.0,0.0,0.0,0.0,0.4,0.4,16,16,200,0.4,0.4,1
349,0.625,0.875,349,100.0,59.5,38.3,39.9,0.625,0.875,200,120,120,80,80,2.0,3.3,3.3,0.0,0.0,0.4,0.4,16,16,200,0.4,0.4,1
350,0.75,0.125,350,100.0,61.3,42.9,41.7,0.75,0.125,200,120,120,80,80,19.5,30.0,19.2,3.8,20.0,0.4,0.4,16,16,200,0.4,0.4,1
351,0.75,0.125,351,100.0,59.4,50.9,36.9,0.75,0.125,200,120,120,80,80,22.5,31.7,27.5,8.8,15.0,0.4,0.4,16,16,200,0.4,0.4,1
352,0.75,0.125,352,100.0,60.5,42.1,39.6,0.75,0.125,200,120,120,80,80,10.5,16.7,10.8,1.2,10.0,0.4,0.4,16,16,200,0.4,0.4,1
353,0.75,0.125,353,100.0,60.8,41.1,42.2,0.75,0.125,200,120,120,80,80,15.0,24.2,18.3,1.2,10.0,0.4,0.4,16,16,200,0.4,0.4,1
354,0.75,0.125,354,100.0,60.2,43.9,38.4,0.75,0.125,200,120,120,80,80,13.0,21.7,14.2,0.0,11.2,0.4,0.4,16,16,200,0.4,0.4,1
355,0.75,0.125,355,100.0,61.7,42.2,40.9,0.75,0.125,200,120,120,80,80,14.5,23.3,18.3,1.2,8.8,0.4,0.4,16,16,200,0.4,0.4,1
356,0.75,0.125,356,100.0,63.1,40.4,40.4,0.75,0.125,200,120,120,80,80,11.5,19.2,11.7,0.0,11.2,0.4,0.4,16,16,200,0.4,0.4,1
357,0.75,0.125,357,100.0,59.3,41.9,38.7,0.75,0.125,200,120,120,80,80,12.0,16.7,12.5,5.0,11.2,0.4,0.4,16,16,200,0.4,0.4,1
358,0.75,0.125,358,100.0,60.3,43.5,40.2,0.75,0.125,200,120,120,80,80,12.0,18.3,11.7,2.5,12.5,0.4,0.4,16,16,200,0.4,0.4,1
359,0.75,0.125,359,100.0,60.1,46.7,39.3,0.75,0.125,200,120,120,80,80,19.5,23.3,20.0,13.8,18.8,0.4,0.4,16,16,200,0.4,0.4,1
360,0.75,0.25,360,100.0,58.1,43.4,37.9,0.75,0.25,200,120,120,80,80,13.5,21.7,15.0,1.2,11.2,0.4,0.4,16,16,200,0.4,0.4,1
361,0.75,0.25,361,100.0,58.4,43.2,43.0,0.75,0.25,200,120,120,80,80,15.5,22.5,14.2,5.0,17.5,0.4,0.4,16,16,200,0.4,0.4,1
362,0.75,0.25,362,100.0,58.4,42.7,40.8,0.75,0.25,200,120,120,80,80,12.5,18.3,13.3,3.8,11.2,0.4,0.4,16,16,200,0.4,0.4,1
363,0.75,0.25,363,100.0,64.4,44.6,46.7,0.75,0.25,200,120,120,80,80,15.5,24.2,15.8,2.5,15.0,0.4,0.4,16,16,200,0.4,0.4,1
364,0.75,0.25,364,100.0,62.0,48.9,42.0,0.75,0.25,200,120,120,80,80,22.0,32.5,20.0,6.2,25.0,0.4,0.4,16,16,200,0.4,0.4,1
365,0.75,0.25,365,100.0,59.8,42.9,41.0,0.75,0.25,200,120,120,80,80,14.0,22.5,15.0,1.2,12.5,0.4,0.4,16,16,200,0.4,0.4,1
366,0.75,0.25,366,100.0,64.0,42.1,45.4,0.75,0.25,200,120,120,80,80,12.5,20.0,15.0,1.2,8.8,0.4,0.4,16,16,200,0.4,0.4,1
367,0.75,0.25,367,100.0,60.2,46.4,43.4,0.75,0.25,200,120,120,80,80,15.5,22.5,18.3,5.0,11.2,0.4,0.4,16,16,200,0.4,0.4,1
368,0.75,0.25,368,100.0,60.7,45.3,43.1,0.75,0.25,200,120,120,80,80,16.5,23.3,19.2,6.2,12.5,0.4,0.4,16,16,200,0.4,0.4,1
369,0.75,0.25,369,100.0,60.2,48.3,39.8,0.75,0.25,200,120,120,80,80,10.0,16.7,13.3,0.0,5.0,0.4,0.4,16,16,200,0.4,0.4,1
370,0.75,0.375,370,100.0,59.3,41.6,38.8,0.75,0.375,200,120,120,80,80,11.0,17.5,15.0,1.2,5.0,0.4,0.4,16,16,200,0.4,0.4,1
371,0.75,0.375,371,100.0,62.4,40.3,43.5,0.75,0.375,200,120,120,80,80,9.5,14.2,13.3,2.5,3.8,0.4,0.4,16,16,200,0.4,0.4,1
372,0.75,0.375,372,100.0,60.4,42.7,41.5,0.75,0.375,200,120,120,80,80,9.5,14.2,11.7,2.5,6.2,0.4,0.4,16,16,200,0.4,0.4,1
373,0.75,0.375,373,100.0,61.8,41.2,42.6,0.75,0.375,200,120,120,80,80,10.0,15.8,13.3,1.2,5.0,0.4,0.4,16,16,200,0.4,0.4,1
374,0.75,0.375,374,100.0,59.4,40.9,40.1,0.75,0.375,200,120,120,80,80,9.0,15.0,11.7,0.0,5.0,0.4,0.4,16,16,200,0.4,0.4,1
375,0.75,0.375,375,100.0,63.5,43.7,40.4,0.75,0.375,200,120,120,80,80,9.5,15.8,12.5,0.0,5.0,0.4,0.4,16,16,200,0.4,0.4,1
376,0.75,0.375,376,100.0,61.9,42.2,43.9,0.75,0.375,200,120,120,80,80,10.0,16.7,13.3,0.0,5.0,0.4,0.4,16,16,200,0.4,0.4,1
377,0.75,0.375,377,100.0,59.1,41.5,38.2,0.75,0.375,200,120,120,80,80,8.5,14.2,10.0,0.0,6.2,0.4,0.4,16,16,200,0.4,0.4,1
378,0.75,0.375,378,100.0,61.2,41.7,40.9,0.75,0.375,200,120,120,80,80,8.5,13.3,10.0,1.2,6.2,0.4,0.4,16,16,200,0.4,0.4,1
379,0.75,0.375,379,100.0,60.6,45.1,40.1,0.75,0.375,200,120,120,80,80,8.0,13.3,10.8,0.0,3.8,0.4,0.4,16,16,200,0.4,0.4,1
380,0.75,0.5,380,100.0,61.9,47.9,37.7,0.75,0.5,200,120,120,80,80,7.5,10.8,7.5,2.5,7.5,0.4,0.4,16,16,200,0.4,0.4,1
381,0.75,0.5,381,100.0,62.7,39.1,40.2,0.75,0.5,200,120,120,80,80,6.0,10.0,10.0,0.0,0.0,0.4,0.4,16,16,200,0.4,0.4,1
382,0.75,0.5,382,100.0,58.7,45.5,39.6,0.75,0.5,200,120,120,80,80,9.5,15.8,14.2,0.0,2.5,0.4,0.4,16,16,200,0.4,0.4,1
383,0.75,0.5,383,100.0,60.8,38.0,37.9,0.75,0.5,200,120,120,80,80,6.0,9.2,6.7,1.2,5.0,0.4,0.4,16,16,200,0.4,0.4,1
384,0.75,0.5,384,100.0,62.0,37.4,44.6,0.75,0.5,200,120,120,80,80,5.0,8.3,8.3,0.0,0.0,0.4,0.4,16,16,200,0.4,0.4,1
385,0.75,0.5,385,100.0,63.0,40.2,44.3,0.75,0.5,200,120,120,80,80,9.0,15.0,14.2,0.0,1.2,0.4,0.4,16,16,200,0.4,0.4,1
386,0.75,0.5,386,100.0,60.9,39.8,35.5,0.75,0.5,200,120,120,80,80,4.5,6.7,7.5,1.2,0.0,0.4,0.4,16,16,200,0.4,0.4,1
387,0.75,0.5,387,100.0,64.1,44.6,44.0,0.75,0.5,200,120,120,80,80,15.0,25.0,22.5,0.0,3.8,0.4,0.4,16,16,200,0.4,0.4,1
388,0.75,0.5,388,100.0,60.1,40.4,43.0,0.75,0.5,200,120,120,80,80,10.0,15.0,15.8,2.5,1.2,0.4,0.4,16,16,200,0.4,0.4,1
389,0.75,0.5,389,100.0,62.1,39.5,39.8,0.75,0.5,200,120,120,80,80,4.5,7.5,7.5,0.0,0.0,0.4,0.4,16,16,200,0.4,0.4,1
390,0.75,0.625,390,100.0,57.8,40.8,37.4,0.75,0.625,200,120,120,80,80,2.5,4.2,4.2,0.0,0.0,0.4,0.4,16,16,200,0.4,0.4,1
391,0.75,0.625,391,100.0,60.7,42.7,39.0,0.75,0.625,200,120,120,80,80,7.5,12.5,12.5,0.0,0.0,0.4,0.4,16,16,200,0.4,0.4,1
392,0.75,0.625,392,100.0,61.1,42.4,37.7,0.75,0.625,200,120,120,80,80,3.5,5.8,5.8,0.0,0.0,0.4,0.4,16,16,200,0.4,0.4,1
393,0.75,0.625,393,100.0,59.4,43.2,39.2,0.75,0.625,200,120,120,80,80,4.0,6.7,5.8,0.0,1.2,0.4,0.4,16,16,200,0.4,0.4,1
394,0.75,0.625,394,100.0,61.1,41.3,38.6,0.75,0.625,200,120,120,80,80,3.0,5.0,4.2,0.0,1.2,0.4,0.4,16,16,200,0.4,0.4,1
395,0.75,0.625,395,100.0,58.4,40.8,39.1,0.75,0.625,200,120,120,80,80,3.5,5.8,5.8,0.0,0.0,0.4,0.4,16,16,200,0.4,0.4,1
396,0.75,0.625,396,100.0,57.5,37.7,42.6,0.75,0.625,200,120,120,80,80,4.5,7.5,7.5,0.0,0.0,0.4,0.4,16,16,200,0.4,0.4,1
397,0.75,0.625,397,100.0,61.9,41.0,44.5,0.75,0.625,200,120,120,80,80,2.0,2.5,3.3,1.2,0.0,0.4,0.4,16,16,200,0.4,0.4,1
398,0.75,0.625,398,100.0,58.4,37.6,37.4,0.75,0.625,200,120,120,80,80,4.5,7.5,7.5,0.0,0.0,0.4,0.4,16,16,200,0.4,0.4,1
399,0.75,0.625,399,100.0,60.7,42.8,41.0,0.75,0.625,200,120,120,80,80,5.5,8.3,8.3,1.2,1.2,0.4,0.4,16,16,200,0.4,0.4,1
400,0.75,0.75,400,100.0,60.4,40.1,43.7,0.75,0.75,200,120,120,80,80,0.5,0.8,0.8,0.0,0.0,0.4,0.4,16,16,200,0.4,0.4,1
401,0.75,0.75,401,100.0,58.8,40.3,38.7,0.75,0.75,200,120,120,80,80,0.0,0.0,0.0,0.0,0.0,0.4,0.4,16,16,200,0.4,0.4,1
402,0.75,0.75,402,100.0,58.9,38.2,42.3,0.75,0.75,200,120,120,80,80,0.5,0.8,0.8,0.0,0.0,0.4,0.4,16,16,200,0.4,0.4,1
403,0.75,0.75,403,100.0,61.7,42.2,40.0,0.75,0.75,200,120,120,80,80,4.5,7.5,5.8,0.0,2.5,0.4,0.4,16,16,200,0.4,0.4,1
404,0.75,0.75,404,100.0,59.7,38.3,37.6,0.75,0.75,200,120,120,80,80,2.0,3.3,3.3,0.0,0.0,0.4,0.4,16,16,200,0.4,0.4,1
405,0.75,0.75,405,100.0,60.2,40.6,39.1,0.75,0.75,200,120,120,80,80,1.0,1.7,1.7,0.0,0.0,0.4,0.4,16,16,200,0.4,0.4,1
406,0.75,0.75,406,100.0,60.9,40.4,43.5,0.75,0.75,200,120,120,80,80,2.0,3.3,3.3,0.0,0.0,0.4,0.4,16,16,200,0.4,0.4,1
407,0.75,0.75,407,100.0,58.8,41.6,41.9,0.75,0.75,200,120,120,80,80,4.0,6.7,6.7,0.0,0.0,0.4,0.4,16,16,200,0.4,0.4,1
408,0.75,0.75,408,100.0,62.3,42.4,41.5,0.75,0.75,200,120,120,80,80,1.0,1.7,1.7,0.0,0.0,0.4,0.4,16,16,200,0.4,0.4,1
409,0.75,0.75,409,100.0,58.8,38.1,37.0,0.75,0.75,200,120,120,80,80,3.0,5.0,5.0,0.0,0.0,0.4,0.4,16,16,200,0.4,0.4,1
410,0.75,0.875,410,100.0,60.7,36.3,41.8,0.75,0.875,200,120,120,80,80,0.0,0.0,0.0,0.0,0.0,0.4,0.4,16,16,200,0.4,0.4,1
411,0.75,0.875,411,100.0,57.5,36.8,37.9,0.75,0.875,200,120,120,80,80,0.5,0.8,0.8,0.0,0.0,0.4,0.4,16,16,200,0.4,0.4,1
412,0.75,0.875,412,100.0,60.0,40.9,38.0,0.75,0.875,200,120,120,80,80,0.5,0.8,0.8,0.0,0.0,0.4,0.4,16,16,200,0.4,0.4,1
413,0.75,0.875,413,100.0,60.9,39.5,42.2,0.75,0.875,200,120,120,80,80,0.5,0.8,0.8,0.0,0.0,0.4,0.4,16,16,200,0.4,0.4,1
414,0.75,0.875,414,100.0,61.9,36.0,41.4,0.75,0.875,200,120,120,80,80,0.5,0.8,0.8,0.0,0.0,0.4,0.4,16,16,200,0.4,0.4,1
415,0.75,0.875,415,100.0,60.0,40.5,39.6,0.75,0.875,200,120,120,80,80,1.5,2.5,2.5,0.0,0.0,0.4,0.4,16,16,200,0.4,0.4,1
416,0.75,0.875,416,100.0,59.2,38.9,38.9,0.75,0.875,200,120,120,80,80,0.5,0.8,0.8,0.0,0.0,0.4,0.4,16,16,200,0.4,0.4,1
417,0.75,0.875,417,100.0,59.8,40.4,39.3,0.75,0.875,200,120,120,80,80,0.0,0.0,0.0,0.0,0.0,0.4,0.4,16,16,200,0.4,0.4,1
418,0.75,0.875,418,100.0,58.1,39.1,39.8,0.75,0.875,200,120,120,80,80,0.0,0.0,0.0,0.0,0.0,0.4,0.4,16,16,200,0.4,0.4,1
419,0.75,0.875,419,100.0,59.7,37.3,39.0,0.75,0.875,200,120,120,80,80,2.0,3.3,3.3,0.0,0.0,0.4,0.4,16,16,200,0.4,0.4,1
420,0.875,0.125,420,100.0,59.0,41.8,38.4,0.875,0.125,200,120,120,80,80,3.0,5.0,1.7,0.0,5.0,0.4,0.4,16,16,200,0.4,0.4,1
421,0.875,0.125,421,100.0,61.2,42.2,40.3,0.875,0.125,200,120,120,80,80,2.5,4.2,3.3,0.0,1.2,0.4,0.4,16,16,200,0.4,0.4,1
422,0.875,0.125,422,100.0,58.8,41.6,39.6,0.875,0.125,200,120,120,80,80,3.0,5.0,3.3,0.0,2.5,0.4,0.4,16,16,200,0.4,0.4,1
423,0.875,0.125,423,100.0,57.5,39.6,39.3,0.875,0.125,200,120,120,80,80,3.5,5.8,4.2,0.0,2.5,0.4,0.4,16,16,200,0.4,0.4,1
424,0.875,0.125,424,100.0,59.8,37.8,37.5,0.875,0.125,200,120,120,80,80,1.0,1.7,1.7,0.0,0.0,0.4,0.4,16,16,200,0.4,0.4,1
425,0.875,0.125,425,100.0,61.1,37.3,42.7,0.875,0.125,200,120,120,80,80,2.0,3.3,2.5,0.0,1.2,0.4,0.4,16,16,200,0.4,0.4,1
426,0.875,0.125,426,100.0,61.2,41.4,38.0,0.875,0.125,200,120,120,80,80,6.0,10.0,5.8,0.0,6.2,0.4,0.4,16,16,200,0.4,0.4,1
427,0.875,0.125,427,100.0,57.6,39.7,40.9,0.875,0.125,200,120,120,80,80,0.5,0.8,0.8,0.0,0.0,0.4,0.4,16,16,200,0.4,0.4,1
428,0.875,0.125,428,100.0,60.3,44.4,39.0,0.875,0.125,200,120,120,80,80,3.0,5.0,4.2,0.0,1.2,0.4,0.4,16,16,200,0.4,0.4,1
429,0.875,0.125,429,100.0,57.9,39.2,38.9,0.875,0.125,200,120,120,80,80,2.0,3.3,0.8,0.0,3.8,0.4,0.4,16,16,200,0.4,0.4,1
430,0.875,0.25,430,100.0,57.6,41.2,38.4,0.875,0.25,200,120,120,80,80,1.5,2.5,2.5,0.0,0.0,0.4,0.4,16,16,200,0.4,0.4,1
431,0.875,0.25,431,100.0,59.3,39.9,37.0,0.875,0.25,200,120,120,80,80,1.5,2.5,1.7,0.0,1.2,0.4,0.4,16,16,200,0.4,0.4,1
432,0.875,0.25,432,100.0,61.4,40.0,42.0,0.875,0.25,200,120,120,80,80,1.0,1.7,0.8,0.0,1.2,0.4,0.4,16,16,200,0.4,0.4,1
433,0.875,0.25,433,100.0,58.2,40.5,38.4,0.875,0.25,200,120,120,80,80,2.5,4.2,2.5,0.0,2.5,0.4,0.4,16,16,200,0.4,0.4,1
434,0.875,0.25,434,100.0,59.9,39.1,38.9,0.875,0.25,200,120,120,80,80,2.0,2.5,3.3,1.2,0.0,0.4,0.4,16,16,200,0.4,0.4,1
435,0.875,0.25,435,100.0,60.9,42.3,41.2,0.875,0.25,200,120,120,80,80,0.5,0.8,0.8,0.0,0.0,0.4,0.4,16,16,200,0.4,0.4,1
436,0.875,0.25,436,100.0,59.4,42.4,38.0,0.875,0.25,200,120,120,80,80,1.0,1.7,0.8,0.0,1.2,0.4,0.4,16,16,200,0.4,0.4,1
437,0.875,0.25,437,100.0,59.5,39.4,42.4,0.875,0.25,200,120,120,80,80,1.5,1.7,2.5,1.2,0.0,0.4,0.4,16,16,200,0.4,0.4,1
438,0.875,0.25,438,100.0,60.8,40.8,40.7,0.875,0.25,200,120,120,80,80,0.5,0.8,0.8,0.0,0.0,0.4,0.4,16,16,200,0.4,0.4,1
439,0.875,0.25,439,100.0,59.1,38.9,38.8,0.875,0.25,200,120,120,80,80,1.5,2.5,1.7,0.0,1.2,0.4,0.4,16,16,200,0.4,0.4,1
440,0.875,0.375,440,100.0,58.6,39.8,40.5,0.875,0.375,200,120,120,80,80,1.5,2.5,2.5,0.0,0.0,0.4,0.4,16,16,200,0.4,0.4,1
441,0.875,0.375,441,100.0,63.6,42.4,41.8,0.875,0.375,200,120,120,80,80,1.0,1.7,0.8,0.0,1.2,0.4,0.4,16,16,200,0.4,0.4,1
442,0.875,0.375,442,100.0,59.8,38.6,39.0,0.875,0.375,200,120,120,80,80,3.0,4.2,4.2,1.2,1.2,0.4,0.4,16,16,200,0.4,0.4,1
443,0.875,0.375,443,100.0,59.4,43.4,40.2,0.875,0.375,200,120,120,80,80,0.5,0.8,0.0,0.0,1.2,0.4,0.4,16,16,200,0.4,0.4,1
444,0.875,0.375,444,100.0,59.1,38.8,36.5,0.875,0.375,200,120,120,80,80,0.5,0.8,0.8,0.0,0.0,0.4,0.4,16,16,200,0.4,0.4,1
445,0.875,0.375,445,100.0,57.7,41.1,40.0,0.875,0.375,200,120,120,80,80,1.0,1.7,1.7,0.0,0.0,0.4,0.4,16,16,200,0.4,0.4,1
446,0.875,0.375,446,100.0,60.3,45.2,38.6,0.875,0.375,200,120,120,80,80,1.5,2.5,2.5,0.0,0.0,0.4,0.4,16,16,200,0.4,0.4,1
447,0.875,0.375,447,100.0,59.7,39.5,39.7,0.875,0.375,200,120,120,80,80,2.0,3.3,2.5,0.0,1.2,0.4,0.4,16,16,200,0.4,0.4,1
448,0.875,0.375,448,100.0,61.7,37.8,39.6,0.875,0.375,200,120,120,80,80,2.5,4.2,2.5,0.0,2.5,0.4,0.4,16,16,200,0.4,0.4,1
449,0.875,0.375,449,100.0,59.3,43.7,37.0,0.875,0.375,200,120,120,80,80,1.5,2.5,2.5,0.0,0.0,0.4,0.4,16,16,200,0.4,0.4,1
450,0.875,0.5,450,100.0,61.1,35.2,41.1,0.875,0.5,200,120,120,80,80,0.5,0.8,0.8,0.0,0.0,0.4,0.4,16,16,200,0.4,0.4,1
451,0.875,0.5,451,100.0,59.9,40.6,41.1,0.875,0.5,200,120,120,80,80,0.0,0.0,0.0,0.0,0.0,0.4,0.4,16,16,200,0.4,0.4,1
452,0.875,0.5,452,100.0,58.6,40.3,42.8,0.875,0.5,200,120,120,80,80,0.5,0.8,0.8,0.0,0.0,0.4,0.4,16,16,200,0.4,0.4,1
453,0.875,0.5,453,100.0,59.2,39.3,39.9,0.875,0.5,200,120,120,80,80,1.0,1.7,1.7,0.0,0.0,0.4,0.4,16,16,200,0.4,0.4,1
454,0.875,0.5,454,100.0,59.3,39.6,39.0,0.875,0.5,200,120,120,80,80,0.5,0.8,0.8,0.0,0.0,0.4,0.4,16,16,200,0.4,0.4,1
455,0.875,0.5,455,100.0,63.2,38.7,42.5,0.875,0.5,200,120,120,80,80,0.5,0.8,0.8,0.0,0.0,0.4,0.4,16,16,200,0.4,0.4,1
456,0.875,0.5,456,100.0,59.5,40.1,42.0,0.875,0.5,200,120,120,80,80,0.5,0.8,0.8,0.0,0.0,0.4,0.4,16,16,200,0.4,0.4,1
457,0.875,0.5,457,100.0,57.7,40.8,39.4,0.875,0.5,200,120,120,80,80,2.5,4.2,4.2,0.0,0.0,0.4,0.4,16,16,200,0.4,0.4,1
458,0.875,0.5,458,100.0,57.8,38.6,37.8,0.875,0.5,200,120,120,80,80,2.0,3.3,3.3,0.0,0.0,0.4,0.4,16,16,200,0.4,0.4,1
459,0.875,0.5,459,100.0,59.2,42.6,40.1,0.875,0.5,200,120,120,80,80,0.5,0.8,0.8,0.0,0.0,0.4,0.4,16,16,200,0.4,0.4,1
460,0.875,0.625,460,100.0,59.4,38.7,40.2,0.875,0.625,200,120,120,80,80,0.0,0.0,0.0,0.0,0.0,0.4,0.4,16,16,200,0.4,0.4,1
461,0.875,0.625,461,100.0,59.5,41.1,40.7,0.875,0.625,200,120,120,80,80,2.0,3.3,3.3,0.0,0.0,0.4,0.4,16,16,200,0.4,0.4,1
462,0.875,0.625,462,100.0,60.2,36.9,40.6,0.875,0.625,200,120,120,80,80,0.0,0.0,0.0,0.0,0.0,0.4,0.4,16,16,200,0.4,0.4,1
463,0.875,0.625,463,100.0,60.2,38.8,39.7,0.875,0.625,200,120,120,80,80,0.5,0.8,0.8,0.0,0.0,0.4,0.4,16,16,200,0.4,0.4,1
464,0.875,0.625,464,100.0,56.9,42.9,41.6,0.875,0.625,200,120,120,80,80,3.0,5.0,5.0,0.0,0.0,0.4,0.4,16,16,200,0.4,0.4,1
465,0.875,0.625,465,100.0,60.2,41.3,38.1,0.875,0.625,200,120,120,80,80,1.0,1.7,1.7,0.0,0.0,0.4,0.4,16,16,200,0.4,0.4,1
466,0.875,0.625,466,100.0,62.0,39.5,38.5,0.875,0.625,200,120,120,80,80,0.0,0.0,0.0,0.0,0.0,0.4,0.4,16,16,200,0.4,0.4,1
467,0.875,0.625,467,100.0,59.1,38.7,39.0,0.875,0.625,200,120,120,80,80,0.5,0.8,0.8,0.0,0.0,0.4,0.4,16,16,200,0.4,0.4,1
468,0.875,0.625,468,100.0,59.7,40.6,40.5,0.875,0.625,200,120,120,80,80,1.5,2.5,2.5,0.0,0.0,0.4,0.4,16,16,200,0.4,0.4,1
469,0.875,0.625,469,100.0,63.8,39.8,42.1,0.875,0.625,200,120,120,80,80,1.5,2.5,2.5,0.0,0.0,0.4,0.4,16,16,200,0.4,0.4,1
470,0.875,0.75,470,100.0,59.0,39.1,39.5,0.875,0.75,200,120,120,80,80,0.0,0.0,0.0,0.0,0.0,0.4,0.4,16,16,200,0.4,0.4,1
471,0.875,0.75,471,100.0,59.7,39.9,40.8,0.875,0.75,200,120,120,80,80,0.0,0.0,0.0,0.0,0.0,0.4,0.4,16,16,200,0.4,0.4,1
472,0.875,0.75,472,100.0,58.9,40.8,39.8,0.875,0.75,200,120,120,80,80,0.5,0.8,0.8,0.0,0.0,0.4,0.4,16,16,200,0.4,0.4,1
473,0.875,0.75,473,100.0,61.1,38.0,42.1,0.875,0.75,200,120,120,80,80,0.5,0.8,0.8,0.0,0.0,0.4,0.4,16,16,200,0.4,0.4,1
474,0.875,0.75,474,100.0,61.8,40.6,39.5,0.875,0.75,200,120,120,80,80,0.0,0.0,0.0,0.0,0.0,0.4,0.4,16,16,200,0.4,0.4,1
475,0.875,0.75,475,100.0,61.9,38.3,40.3,0.875,0.75,200,120,120,80,80,1.5,2.5,2.5,0.0,0.0,0.4,0.4,16,16,200,0.4,0.4,1
476,0.875,0.75,476,100.0,59.7,39.9,41.7,0.875,0.75,200,120,120,80,80,0.0,0.0,0.0,0.0,0.0,0.4,0.4,16,16,200,0.4,0.4,1
477,0.875,0.75,477,100.0,63.4,41.4,41.2,0.875,0.75,200,120,120,80,80,0.5,0.8,0.8,0.0,0.0,0.4,0.4,16,16,200,0.4,0.4,1
478,0.875,0.75,478,100.0,61.3,39.3,37.0,0.875,0.75,200,120,120,80,80,0.5,0.8,0.8,0.0,0.0,0.4,0.4,16,16,200,0.4,0.4,1
479,0.875,0.75,479,100.0,58.6,39.3,43.0,0.875,0.75,200,120,120,80,80,0.0,0.0,0.0,0.0,0.0,0.4,0.4,16,16,200,0.4,0.4,1
480,0.875,0.875,480,100.0,57.9,39.2,39.1,0.875,0.875,200,120,120,80,80,0.0,0.0,0.0,0.0,0.0,0.4,0.4,16,16,200,0.4,0.4,1
481,0.875,0.875,481,100.0,59.6,38.5,42.6,0.875,0.875,200,120,120,80,80,0.0,0.0,0.0,0.0,0.0,0.4,0.4,16,16,200,0.4,0.4,1
482,0.875,0.875,482,100.0,59.4,39.8,37.9,0.875,0.875,200,120,120,80,80,0.0,0.0,0.0,0.0,0.0,0.4,0.4,16,16,200,0.4,0.4,1
483,0.875,0.875,483,100.0,60.2,40.0,40.3,0.875,0.875,200,120,120,80,80,0.0,0.0,0.0,0.0,0.0,0.4,0.4,16,16,200,0.4,0.4,1
484,0.875,0.875,484,100.0,61.2,39.3,37.3,0.875,0.875,200,120,120,80,80,0.0,0.0,0.0,0.0,0.0,0.4,0.4,16,16,200,0.4,0.4,1
485,0.875,0.875,485,100.0,60.0,39.9,36.7,0.875,0.875,200,120,120,80,80,0.0,0.0,0.0,0.0,0.0,0.4,0.4,16,16,200,0.4,0.4,1
486,0.875,0.875,486,100.0,56.7,37.3,40.1,0.875,0.875,200,120,120,80,80,0.0,0.0,0.0,0.0,0.0,0.4,0.4,16,16,200,0.4,0.4,1
487,0.875,0.875,487,100.0,59.2,38.5,37.6,0.875,0.875,200,120,120,80,80,0.0,0.0,0.0,0.0,0.0,0.4,0.4,16,16,200,0.4,0.4,1
488,0.875,0.875,488,100.0,59.3,35.2,41.1,0.875,0.875,200,120,120,80,80,0.0,0.0,0.0,0.0,0.0,0.4,0.4,16,16,200,0.4,0.4,1
489,0.875,0.875,489,100.0,59.6,43.5,42.5,0.875,0.875,200,120,120,80,80,0.0,0.0,0.0,0.0,0.0,0.4,0.4,16,16,200,0.4,0.4,1
